crop,face,tablet,script,side,line_no,n_lines,atf_line,atf_aligned,y_center,x0,y0,x1,y1,pitch_px,skew_deg,face_w,face_h,photo_crop_x0,photo_crop_y0,n_boxes
samples/ebl/AO.9073/lines/AO.9073__obverse__L01.jpg,AO.9073__obverse,AO.9073,NA,obverse,1,22,1',True,153.2,2029,97,2279,201,109.6,-2.06,3666,2772,222,1044,1
samples/ebl/AO.9073/lines/AO.9073__obverse__L02.jpg,AO.9073__obverse,AO.9073,NA,obverse,2,22,2',True,249.4,1436,201,2854,299,109.6,-2.06,3666,2772,222,1044,3
samples/ebl/AO.9073/lines/AO.9073__obverse__L03.jpg,AO.9073__obverse,AO.9073,NA,obverse,3,22,3',True,350.5,760,299,2855,454,109.6,-2.06,3666,2772,222,1044,6
samples/ebl/AO.9073/lines/AO.9073__obverse__L04.jpg,AO.9073__obverse,AO.9073,NA,obverse,4,22,4',True,554.6,950,454,1439,605,109.6,-2.06,3666,2772,222,1044,2
samples/ebl/AO.9073/lines/AO.9073__obverse__L05.jpg,AO.9073__obverse,AO.9073,NA,obverse,5,22,5',True,656.1,1136,605,2914,710,109.6,-2.06,3666,2772,222,1044,6
samples/ebl/AO.9073/lines/AO.9073__obverse__L06.jpg,AO.9073__obverse,AO.9073,NA,obverse,6,22,6',True,765.7,731,710,3185,817,109.6,-2.06,3666,2772,222,1044,8
samples/ebl/AO.9073/lines/AO.9073__obverse__L07.jpg,AO.9073__obverse,AO.9073,NA,obverse,7,22,7',True,869.1,868,817,3198,921,109.6,-2.06,3666,2772,222,1044,6
samples/ebl/AO.9073/lines/AO.9073__obverse__L08.jpg,AO.9073__obverse,AO.9073,NA,obverse,8,22,8',True,973.4,627,921,3312,1028,109.6,-2.06,3666,2772,222,1044,9
samples/ebl/AO.9073/lines/AO.9073__obverse__L09.jpg,AO.9073__obverse,AO.9073,NA,obverse,9,22,9',True,1084.5,631,1028,3433,1139,109.6,-2.06,3666,2772,222,1044,8
samples/ebl/AO.9073/lines/AO.9073__obverse__L10.jpg,AO.9073__obverse,AO.9073,NA,obverse,10,22,10',True,1194.6,644,1139,3275,1251,109.6,-2.06,3666,2772,222,1044,6
samples/ebl/AO.9073/lines/AO.9073__obverse__L11.jpg,AO.9073__obverse,AO.9073,NA,obverse,11,22,11',True,1309.0,865,1251,3222,1362,109.6,-2.06,3666,2772,222,1044,3
samples/ebl/AO.9073/lines/AO.9073__obverse__L12.jpg,AO.9073__obverse,AO.9073,NA,obverse,12,22,12',True,1415.1,674,1362,3017,1467,109.6,-2.06,3666,2772,222,1044,6
samples/ebl/AO.9073/lines/AO.9073__obverse__L13.jpg,AO.9073__obverse,AO.9073,NA,obverse,13,22,13',True,1519.9,895,1467,3261,1576,109.6,-2.06,3666,2772,222,1044,9
samples/ebl/AO.9073/lines/AO.9073__obverse__L14.jpg,AO.9073__obverse,AO.9073,NA,obverse,14,22,14',True,1633.1,1017,1576,3437,1689,109.6,-2.06,3666,2772,222,1044,7
samples/ebl/AO.9073/lines/AO.9073__obverse__L15.jpg,AO.9073__obverse,AO.9073,NA,obverse,15,22,15',True,1746.1,1110,1689,3340,1810,109.6,-2.06,3666,2772,222,1044,6
samples/ebl/AO.9073/lines/AO.9073__obverse__L16.jpg,AO.9073__obverse,AO.9073,NA,obverse,16,22,16',True,1874.4,772,1810,1450,1929,109.6,-2.06,3666,2772,222,1044,3
samples/ebl/AO.9073/lines/AO.9073__obverse__L17.jpg,AO.9073__obverse,AO.9073,NA,obverse,17,22,17',True,1985.1,965,1929,2416,2051,109.6,-2.06,3666,2772,222,1044,5
samples/ebl/AO.9073/lines/AO.9073__obverse__L18.jpg,AO.9073__obverse,AO.9073,NA,obverse,18,22,18',True,2118.7,1184,2051,1875,2189,109.6,-2.06,3666,2772,222,1044,3
samples/ebl/AO.9073/lines/AO.9073__obverse__L19.jpg,AO.9073__obverse,AO.9073,NA,obverse,19,22,19',True,2259.4,1103,2189,1581,2313,109.6,-2.06,3666,2772,222,1044,2
samples/ebl/AO.9073/lines/AO.9073__obverse__L20.jpg,AO.9073__obverse,AO.9073,NA,obverse,20,22,20',True,2367.6,627,2313,3437,2421,109.6,-2.06,3666,2772,222,1044,0
samples/ebl/AO.9073/lines/AO.9073__obverse__L21.jpg,AO.9073__obverse,AO.9073,NA,obverse,21,22,21',True,2475.9,627,2421,3437,2530,109.6,-2.06,3666,2772,222,1044,0
samples/ebl/AO.9073/lines/AO.9073__obverse__L22.jpg,AO.9073__obverse,AO.9073,NA,obverse,22,22,22',True,2584.1,1254,2530,1504,2639,109.6,-2.06,3666,2772,222,1044,1
samples/ebl/AO.9073/lines/AO.9073__reverse__L01.jpg,AO.9073__reverse,AO.9073,NA,reverse,1,16,1',True,169.2,511,75,2606,215,119.1,-2.06,3696,2652,162,5418,5
samples/ebl/AO.9073/lines/AO.9073__reverse__L02.jpg,AO.9073__reverse,AO.9073,NA,reverse,2,16,2',True,262.2,491,215,1629,318,119.1,-2.06,3696,2652,162,5418,5
samples/ebl/AO.9073/lines/AO.9073__reverse__L03.jpg,AO.9073__reverse,AO.9073,NA,reverse,3,16,3',True,375.3,546,318,2655,437,119.1,-2.06,3696,2652,162,5418,10
samples/ebl/AO.9073/lines/AO.9073__reverse__L04.jpg,AO.9073__reverse,AO.9073,NA,reverse,4,16,4',True,500.4,470,437,2466,559,119.1,-2.06,3696,2652,162,5418,5
samples/ebl/AO.9073/lines/AO.9073__reverse__L05.jpg,AO.9073__reverse,AO.9073,NA,reverse,5,16,5',True,619.5,2013,559,2282,668,119.1,-2.06,3696,2652,162,5418,1
samples/ebl/AO.9073/lines/AO.9073__reverse__L06.jpg,AO.9073__reverse,AO.9073,NA,reverse,6,16,6',True,716.9,440,668,1523,770,119.1,-2.06,3696,2652,162,5418,2
samples/ebl/AO.9073/lines/AO.9073__reverse__L07.jpg,AO.9073__reverse,AO.9073,NA,reverse,7,16,7',True,823.1,598,770,867,877,119.1,-2.06,3696,2652,162,5418,1
samples/ebl/AO.9073/lines/AO.9073__reverse__L08.jpg,AO.9073__reverse,AO.9073,NA,reverse,8,16,8',True,932.4,473,877,2331,992,119.1,-2.06,3696,2652,162,5418,5
samples/ebl/AO.9073/lines/AO.9073__reverse__L09.jpg,AO.9073__reverse,AO.9073,NA,reverse,9,16,9',True,1052.5,445,992,2620,1109,119.1,-2.06,3696,2652,162,5418,8
samples/ebl/AO.9073/lines/AO.9073__reverse__L10.jpg,AO.9073__reverse,AO.9073,NA,reverse,10,16,10',True,1166.1,449,1109,1085,1225,119.1,-2.06,3696,2652,162,5418,2
samples/ebl/AO.9073/lines/AO.9073__reverse__L11.jpg,AO.9073__reverse,AO.9073,NA,reverse,11,16,11',True,1285.1,382,1225,1189,1345,119.1,-2.06,3696,2652,162,5418,4
samples/ebl/AO.9073/lines/AO.9073__reverse__L12.jpg,AO.9073__reverse,AO.9073,NA,reverse,12,16,12',True,1406.1,186,1345,1349,1527,119.1,-2.06,3696,2652,162,5418,5
samples/ebl/AO.9073/lines/AO.9073__reverse__L13.jpg,AO.9073__reverse,AO.9073,NA,reverse,13,16,13',True,1661.6,349,1527,3189,1769,119.1,-2.06,3696,2652,162,5418,10
samples/ebl/AO.9073/lines/AO.9073__reverse__L14.jpg,AO.9073__reverse,AO.9073,NA,reverse,14,16,14',True,1877.4,480,1769,3149,2000,119.1,-2.06,3696,2652,162,5418,14
samples/ebl/AO.9073/lines/AO.9073__reverse__L15.jpg,AO.9073__reverse,AO.9073,NA,reverse,15,16,15',True,2109.4,671,2000,3358,2246,119.1,-2.06,3696,2652,162,5418,13
samples/ebl/AO.9073/lines/AO.9073__reverse__L16.jpg,AO.9073__reverse,AO.9073,NA,reverse,16,16,16',True,2374.5,1070,2246,2755,2476,119.1,-2.06,3696,2652,162,5418,10
samples/ebl/BM.42264/lines/BM.42264__edge__L01.jpg,BM.42264__edge,BM.42264,OB,edge,1,4,7,True,307.1,0,159,918,545,464.7,-3.05,918,1986,573,897,12
samples/ebl/BM.42264/lines/BM.42264__edge__L02.jpg,BM.42264__edge,BM.42264,OB,edge,2,4,8,True,771.8,0,545,918,1007,464.7,-3.05,918,1986,573,897,10
samples/ebl/BM.42264/lines/BM.42264__edge__L03.jpg,BM.42264__edge,BM.42264,OB,edge,3,4,5,True,1224.0,0,1007,870,1472,464.7,-3.05,918,1986,573,897,5
samples/ebl/BM.42264/lines/BM.42264__edge__L04.jpg,BM.42264__edge,BM.42264,OB,edge,4,4,6,True,1732.4,0,1472,918,1877,464.7,-3.05,918,1986,573,897,11
samples/ebl/BM.42264/lines/BM.42264__obverse__L01.jpg,BM.42264__obverse,BM.42264,OB,obverse,1,6,1,True,190.5,118,131,348,258,116.0,-3.43,872,896,593,47,1
samples/ebl/BM.42264/lines/BM.42264__obverse__L02.jpg,BM.42264__obverse,BM.42264,OB,obverse,2,6,2,True,342.7,73,258,773,401,116.0,-3.43,872,896,593,47,4
samples/ebl/BM.42264/lines/BM.42264__obverse__L03.jpg,BM.42264__obverse,BM.42264,OB,obverse,3,6,3,True,459.7,12,401,867,517,116.0,-3.43,872,896,593,47,6
samples/ebl/BM.42264/lines/BM.42264__obverse__L04.jpg,BM.42264__obverse,BM.42264,OB,obverse,4,6,4,True,575.7,106,517,849,628,116.0,-3.43,872,896,593,47,5
samples/ebl/BM.42264/lines/BM.42264__obverse__L05.jpg,BM.42264__obverse,BM.42264,OB,obverse,5,6,5,True,680.4,35,628,786,728,116.0,-3.43,872,896,593,47,4
samples/ebl/BM.42264/lines/BM.42264__obverse__L06.jpg,BM.42264__obverse,BM.42264,OB,obverse,6,6,6,True,776.2,532,728,761,835,116.0,-3.43,872,896,593,47,1
samples/ebl/BM.42264/lines/BM.42264__reverse__L01.jpg,BM.42264__reverse,BM.42264,OB,reverse,1,4,1,True,187.7,203,113,922,242,115.1,-2.61,960,966,555,1425,5
samples/ebl/BM.42264/lines/BM.42264__reverse__L02.jpg,BM.42264__reverse,BM.42264,OB,reverse,2,4,2,True,297.7,72,242,836,481,115.1,-2.61,960,966,555,1425,5
samples/ebl/BM.42264/lines/BM.42264__reverse__L03.jpg,BM.42264__reverse,BM.42264,OB,reverse,3,4,3,True,671.7,118,481,721,729,115.1,-2.61,960,966,555,1425,4
samples/ebl/BM.42264/lines/BM.42264__reverse__L04.jpg,BM.42264__reverse,BM.42264,OB,reverse,4,4,4,True,786.8,255,729,486,845,115.1,-2.61,960,966,555,1425,1
samples/ebl/HS.2067/lines/HS.2067__obverse__L01.jpg,HS.2067__obverse,HS.2067,OB,obverse,1,6,1,True,336.7,217,135,1324,467,230.4,-7.18,1324,1913,553,0,10
samples/ebl/HS.2067/lines/HS.2067__obverse__L02.jpg,HS.2067__obverse,HS.2067,OB,obverse,2,6,2,True,597.3,50,467,1324,712,230.4,-7.18,1324,1913,553,0,13
samples/ebl/HS.2067/lines/HS.2067__obverse__L03.jpg,HS.2067__obverse,HS.2067,OB,obverse,3,6,3,True,827.7,26,712,1203,935,230.4,-7.18,1324,1913,553,0,6
samples/ebl/HS.2067/lines/HS.2067__obverse__L04.jpg,HS.2067__obverse,HS.2067,OB,obverse,4,6,4,True,1042.3,11,935,1324,1155,230.4,-7.18,1324,1913,553,0,13
samples/ebl/HS.2067/lines/HS.2067__obverse__L05.jpg,HS.2067__obverse,HS.2067,OB,obverse,5,6,5,True,1269.0,211,1155,1324,1387,230.4,-7.18,1324,1913,553,0,5
samples/ebl/HS.2067/lines/HS.2067__obverse__L06.jpg,HS.2067__obverse,HS.2067,OB,obverse,6,6,6,True,1505.9,5,1387,1277,1731,230.4,-7.18,1324,1913,553,0,10
samples/ebl/HS.2067/lines/HS.2067__reverse__L01.jpg,HS.2067__reverse,HS.2067,OB,reverse,1,10,1,True,223.6,65,48,1206,314,166.8,-5.98,1206,1866,612,2406,10
samples/ebl/HS.2067/lines/HS.2067__reverse__L02.jpg,HS.2067__reverse,HS.2067,OB,reverse,2,10,2,True,405.9,30,314,1206,471,166.8,-5.98,1206,1866,612,2406,6
samples/ebl/HS.2067/lines/HS.2067__reverse__L03.jpg,HS.2067__reverse,HS.2067,OB,reverse,3,10,3,True,537.8,120,471,1206,635,166.8,-5.98,1206,1866,612,2406,6
samples/ebl/HS.2067/lines/HS.2067__reverse__L04.jpg,HS.2067__reverse,HS.2067,OB,reverse,4,10,4,True,732.8,0,635,1206,826,166.8,-5.98,1206,1866,612,2406,15
samples/ebl/HS.2067/lines/HS.2067__reverse__L05.jpg,HS.2067__reverse,HS.2067,OB,reverse,5,10,5,True,919.3,0,826,1206,1002,166.8,-5.98,1206,1866,612,2406,6
samples/ebl/HS.2067/lines/HS.2067__reverse__L06.jpg,HS.2067__reverse,HS.2067,OB,reverse,6,10,6,True,1086.1,0,1002,1024,1130,166.8,-5.98,1206,1866,612,2406,8
samples/ebl/HS.2067/lines/HS.2067__reverse__L07.jpg,HS.2067__reverse,HS.2067,OB,reverse,7,10,7,True,1175.6,173,1130,1158,1242,166.8,-5.98,1206,1866,612,2406,4
samples/ebl/HS.2067/lines/HS.2067__reverse__L08.jpg,HS.2067__reverse,HS.2067,OB,reverse,8,10,8,True,1309.1,115,1242,1129,1424,166.8,-5.98,1206,1866,612,2406,5
samples/ebl/HS.2067/lines/HS.2067__reverse__L09.jpg,HS.2067__reverse,HS.2067,OB,reverse,9,10,9,True,1539.8,147,1424,1163,1601,166.8,-5.98,1206,1866,612,2406,6
samples/ebl/HS.2067/lines/HS.2067__reverse__L10.jpg,HS.2067__reverse,HS.2067,OB,reverse,10,10,10,True,1663.7,0,1601,1129,1801,166.8,-5.98,1206,1866,612,2406,6
samples/ebl/HS.2067/lines/HS.2067__top__L01.jpg,HS.2067__top,HS.2067,OB,top,1,1,11,True,170.1,210,94,1114,245,148.2,-2.12,1398,822,516,4098,7
samples/ebl/HS.2371/lines/HS.2371__obverse__L01.jpg,HS.2371__obverse,HS.2371,OB,obverse,1,24,1,True,96.7,229,35,1360,137,87.1,-2.91,1360,2278,661,61,5
samples/ebl/HS.2371/lines/HS.2371__obverse__L02.jpg,HS.2371__obverse,HS.2371,OB,obverse,2,24,2,True,178.4,221,137,1353,218,87.1,-2.91,1360,2278,661,61,6
samples/ebl/HS.2371/lines/HS.2371__obverse__L03.jpg,HS.2371__obverse,HS.2371,OB,obverse,3,24,3,True,257.8,100,218,1300,295,87.1,-2.91,1360,2278,661,61,6
samples/ebl/HS.2371/lines/HS.2371__obverse__L04.jpg,HS.2371__obverse,HS.2371,OB,obverse,4,24,4,True,334.1,82,295,1315,377,87.1,-2.91,1360,2278,661,61,7
samples/ebl/HS.2371/lines/HS.2371__obverse__L05.jpg,HS.2371__obverse,HS.2371,OB,obverse,5,24,5,True,421.2,83,377,1327,469,87.1,-2.91,1360,2278,661,61,8
samples/ebl/HS.2371/lines/HS.2371__obverse__L06.jpg,HS.2371__obverse,HS.2371,OB,obverse,6,24,6,True,518.4,72,469,934,558,87.1,-2.91,1360,2278,661,61,5
samples/ebl/HS.2371/lines/HS.2371__obverse__L07.jpg,HS.2371__obverse,HS.2371,OB,obverse,7,24,7,True,598.3,57,558,910,633,87.1,-2.91,1360,2278,661,61,5
samples/ebl/HS.2371/lines/HS.2371__obverse__L08.jpg,HS.2371__obverse,HS.2371,OB,obverse,8,24,8,True,668.4,75,633,854,710,87.1,-2.91,1360,2278,661,61,3
samples/ebl/HS.2371/lines/HS.2371__obverse__L09.jpg,HS.2371__obverse,HS.2371,OB,obverse,9,24,9,True,753.0,59,710,927,796,87.1,-2.91,1360,2278,661,61,5
samples/ebl/HS.2371/lines/HS.2371__obverse__L10.jpg,HS.2371__obverse,HS.2371,OB,obverse,10,24,10,True,840.1,471,796,879,886,87.1,-2.91,1360,2278,661,61,3
samples/ebl/HS.2371/lines/HS.2371__obverse__L11.jpg,HS.2371__obverse,HS.2371,OB,obverse,11,24,11,True,932.1,0,886,1360,978,87.1,-2.91,1360,2278,661,61,0
samples/ebl/HS.2371/lines/HS.2371__obverse__L12.jpg,HS.2371__obverse,HS.2371,OB,obverse,12,24,12,True,1024.1,49,978,956,1062,87.1,-2.91,1360,2278,661,61,5
samples/ebl/HS.2371/lines/HS.2371__obverse__L13.jpg,HS.2371__obverse,HS.2371,OB,obverse,13,24,13,True,1101.6,190,1062,725,1145,87.1,-2.91,1360,2278,661,61,2
samples/ebl/HS.2371/lines/HS.2371__obverse__L14.jpg,HS.2371__obverse,HS.2371,OB,obverse,14,24,14,True,1190.1,0,1145,1360,1234,87.1,-2.91,1360,2278,661,61,0
samples/ebl/HS.2371/lines/HS.2371__obverse__L15.jpg,HS.2371__obverse,HS.2371,OB,obverse,15,24,15,True,1278.6,265,1234,444,1319,87.1,-2.91,1360,2278,661,61,1
samples/ebl/HS.2371/lines/HS.2371__obverse__L16.jpg,HS.2371__obverse,HS.2371,OB,obverse,16,24,16,True,1359.4,158,1319,746,1407,87.1,-2.91,1360,2278,661,61,2
samples/ebl/HS.2371/lines/HS.2371__obverse__L17.jpg,HS.2371__obverse,HS.2371,OB,obverse,17,24,17,True,1455.3,25,1407,382,1494,87.1,-2.91,1360,2278,661,61,2
samples/ebl/HS.2371/lines/HS.2371__obverse__L18.jpg,HS.2371__obverse,HS.2371,OB,obverse,18,24,18,True,1534.6,23,1494,1039,1581,87.1,-2.91,1360,2278,661,61,5
samples/ebl/HS.2371/lines/HS.2371__obverse__L19.jpg,HS.2371__obverse,HS.2371,OB,obverse,19,24,19,True,1628.2,22,1581,865,1667,87.1,-2.91,1360,2278,661,61,4
samples/ebl/HS.2371/lines/HS.2371__obverse__L20.jpg,HS.2371__obverse,HS.2371,OB,obverse,20,24,20,True,1707.6,0,1667,1208,1755,87.1,-2.91,1360,2278,661,61,5
samples/ebl/HS.2371/lines/HS.2371__obverse__L21.jpg,HS.2371__obverse,HS.2371,OB,obverse,21,24,21,True,1804.0,0,1755,1141,1853,87.1,-2.91,1360,2278,661,61,6
samples/ebl/HS.2371/lines/HS.2371__obverse__L22.jpg,HS.2371__obverse,HS.2371,OB,obverse,22,24,22,True,1903.8,0,1853,1249,1952,87.1,-2.91,1360,2278,661,61,6
samples/ebl/HS.2371/lines/HS.2371__obverse__L23.jpg,HS.2371__obverse,HS.2371,OB,obverse,23,24,23,True,2000.6,0,1952,1231,2051,87.1,-2.91,1360,2278,661,61,4
samples/ebl/HS.2371/lines/HS.2371__obverse__L24.jpg,HS.2371__obverse,HS.2371,OB,obverse,24,24,24,True,2101.7,0,2051,1241,2179,87.1,-2.91,1360,2278,661,61,5
samples/ebl/HS.2371/lines/HS.2371__reverse__L01.jpg,HS.2371__reverse,HS.2371,OB,reverse,1,9,1,True,134.5,101,63,966,184,98.4,-4.5,1384,2344,655,3013,4
samples/ebl/HS.2371/lines/HS.2371__reverse__L02.jpg,HS.2371__reverse,HS.2371,OB,reverse,2,9,2,True,233.9,75,184,984,279,98.4,-4.5,1384,2344,655,3013,4
samples/ebl/HS.2371/lines/HS.2371__reverse__L03.jpg,HS.2371__reverse,HS.2371,OB,reverse,3,9,3,True,324.1,65,279,1328,373,98.4,-4.5,1384,2344,655,3013,7
samples/ebl/HS.2371/lines/HS.2371__reverse__L04.jpg,HS.2371__reverse,HS.2371,OB,reverse,4,9,4,True,421.9,68,373,1324,466,98.4,-4.5,1384,2344,655,3013,6
samples/ebl/HS.2371/lines/HS.2371__reverse__L05.jpg,HS.2371__reverse,HS.2371,OB,reverse,5,9,5,True,510.3,218,466,1314,556,98.4,-4.5,1384,2344,655,3013,5
samples/ebl/HS.2371/lines/HS.2371__reverse__L06.jpg,HS.2371__reverse,HS.2371,OB,reverse,6,9,6,True,603.0,208,556,1298,652,98.4,-4.5,1384,2344,655,3013,9
samples/ebl/HS.2371/lines/HS.2371__reverse__L07.jpg,HS.2371__reverse,HS.2371,OB,reverse,7,9,7,True,702.0,169,652,1318,1321,98.4,-4.5,1384,2344,655,3013,5
samples/ebl/HS.2371/lines/HS.2371__reverse__L08.jpg,HS.2371__reverse,HS.2371,OB,reverse,8,9,8,True,1957.6,0,1321,1274,2025,98.4,-4.5,1384,2344,655,3013,5
samples/ebl/HS.2371/lines/HS.2371__reverse__L09.jpg,HS.2371__reverse,HS.2371,OB,reverse,9,9,9,True,2093.4,57,2025,1255,2199,98.4,-4.5,1384,2344,655,3013,8
samples/ebl/K.2712/lines/K.2712__obverse__L01.jpg,K.2712__obverse,K.2712,NA,obverse,1,33,1,True,169.9,314,101,601,226,83.6,-4.03,2532,3006,1428,414,2
samples/ebl/K.2712/lines/K.2712__obverse__L02.jpg,K.2712__obverse,K.2712,NA,obverse,2,33,2,True,293.1,521,226,2383,346,83.6,-4.03,2532,3006,1428,414,2
samples/ebl/K.2712/lines/K.2712__obverse__L03.jpg,K.2712__obverse,K.2712,NA,obverse,3,33,3,True,398.9,374,346,662,440,83.6,-4.03,2532,3006,1428,414,2
samples/ebl/K.2712/lines/K.2712__obverse__L04.jpg,K.2712__obverse,K.2712,NA,obverse,4,33,4,True,482.5,120,440,2532,524,83.6,-4.03,2532,3006,1428,414,0
samples/ebl/K.2712/lines/K.2712__obverse__L05.jpg,K.2712__obverse,K.2712,NA,obverse,5,33,5,True,566.0,120,524,2532,607,83.6,-4.03,2532,3006,1428,414,0
samples/ebl/K.2712/lines/K.2712__obverse__L06.jpg,K.2712__obverse,K.2712,NA,obverse,6,33,6,True,649.6,268,607,2532,697,83.6,-4.03,2532,3006,1428,414,3
samples/ebl/K.2712/lines/K.2712__obverse__L07.jpg,K.2712__obverse,K.2712,NA,obverse,7,33,7,True,744.6,120,697,2532,792,83.6,-4.03,2532,3006,1428,414,0
samples/ebl/K.2712/lines/K.2712__obverse__L08.jpg,K.2712__obverse,K.2712,NA,obverse,8,33,8,True,839.6,332,792,519,887,83.6,-4.03,2532,3006,1428,414,1
samples/ebl/K.2712/lines/K.2712__obverse__L09.jpg,K.2712__obverse,K.2712,NA,obverse,9,33,9,True,935.9,128,887,2498,981,83.6,-4.03,2532,3006,1428,414,4
samples/ebl/K.2712/lines/K.2712__obverse__L10.jpg,K.2712__obverse,K.2712,NA,obverse,10,33,10,True,1027.9,474,981,662,1067,83.6,-4.03,2532,3006,1428,414,1
samples/ebl/K.2712/lines/K.2712__obverse__L11.jpg,K.2712__obverse,K.2712,NA,obverse,11,33,11,True,1107.8,259,1067,447,1157,83.6,-4.03,2532,3006,1428,414,1
samples/ebl/K.2712/lines/K.2712__obverse__L12.jpg,K.2712__obverse,K.2712,NA,obverse,12,33,12,True,1238.0,507,1157,2460,1283,83.6,-4.03,2532,3006,1428,414,3
samples/ebl/K.2712/lines/K.2712__obverse__L13.jpg,K.2712__obverse,K.2712,NA,obverse,13,33,13,True,1329.6,409,1283,2454,1367,83.6,-4.03,2532,3006,1428,414,8
samples/ebl/K.2712/lines/K.2712__obverse__L14.jpg,K.2712__obverse,K.2712,NA,obverse,14,33,14,True,1406.3,302,1367,1095,1448,83.6,-4.03,2532,3006,1428,414,5
samples/ebl/K.2712/lines/K.2712__obverse__L15.jpg,K.2712__obverse,K.2712,NA,obverse,15,33,15,True,1491.5,241,1448,862,1543,83.6,-4.03,2532,3006,1428,414,3
samples/ebl/K.2712/lines/K.2712__obverse__L16.jpg,K.2712__obverse,K.2712,NA,obverse,16,33,16,True,1594.8,173,1543,2181,1642,83.6,-4.03,2532,3006,1428,414,9
samples/ebl/K.2712/lines/K.2712__obverse__L17.jpg,K.2712__obverse,K.2712,NA,obverse,17,33,17,True,1690.7,373,1642,1483,1730,83.6,-4.03,2532,3006,1428,414,7
samples/ebl/K.2712/lines/K.2712__obverse__L18.jpg,K.2712__obverse,K.2712,NA,obverse,18,33,18,True,1770.1,364,1730,726,1808,83.6,-4.03,2532,3006,1428,414,2
samples/ebl/K.2712/lines/K.2712__obverse__L19.jpg,K.2712__obverse,K.2712,NA,obverse,19,33,19,True,1846.3,217,1808,1016,1877,83.6,-4.03,2532,3006,1428,414,2
samples/ebl/K.2712/lines/K.2712__obverse__L20.jpg,K.2712__obverse,K.2712,NA,obverse,20,33,20,True,1908.1,1881,1877,2274,1923,83.6,-4.03,2532,3006,1428,414,2
samples/ebl/K.2712/lines/K.2712__obverse__L21.jpg,K.2712__obverse,K.2712,NA,obverse,21,33,21,True,1938.0,549,1923,1451,1970,83.6,-4.03,2532,3006,1428,414,4
samples/ebl/K.2712/lines/K.2712__obverse__L22.jpg,K.2712__obverse,K.2712,NA,obverse,22,33,22,True,2002.5,959,1970,2007,2026,83.6,-4.03,2532,3006,1428,414,4
samples/ebl/K.2712/lines/K.2712__obverse__L23.jpg,K.2712__obverse,K.2712,NA,obverse,23,33,23,True,2049.8,734,2026,2399,2092,83.6,-4.03,2532,3006,1428,414,5
samples/ebl/K.2712/lines/K.2712__obverse__L24.jpg,K.2712__obverse,K.2712,NA,obverse,24,33,24,True,2135.9,317,2092,1363,2164,83.6,-4.03,2532,3006,1428,414,2
samples/ebl/K.2712/lines/K.2712__obverse__L25.jpg,K.2712__obverse,K.2712,NA,obverse,25,33,25,True,2193.5,200,2164,511,2213,83.6,-4.03,2532,3006,1428,414,2
samples/ebl/K.2712/lines/K.2712__obverse__L26.jpg,K.2712__obverse,K.2712,NA,obverse,26,33,26,True,2232.5,1168,2213,2410,2251,83.6,-4.03,2532,3006,1428,414,4
samples/ebl/K.2712/lines/K.2712__obverse__L27.jpg,K.2712__obverse,K.2712,NA,obverse,27,33,27,True,2270.4,688,2251,2211,2323,83.6,-4.03,2532,3006,1428,414,4
samples/ebl/K.2712/lines/K.2712__obverse__L28.jpg,K.2712__obverse,K.2712,NA,obverse,28,33,28,True,2377.5,249,2323,1744,2455,83.6,-4.03,2532,3006,1428,414,5
samples/ebl/K.2712/lines/K.2712__obverse__L29.jpg,K.2712__obverse,K.2712,NA,obverse,29,33,29,True,2534.0,120,2455,2168,2565,83.6,-4.03,2532,3006,1428,414,4
samples/ebl/K.2712/lines/K.2712__obverse__L30.jpg,K.2712__obverse,K.2712,NA,obverse,30,33,30,True,2597.8,610,2565,2158,2648,83.6,-4.03,2532,3006,1428,414,4
samples/ebl/K.2712/lines/K.2712__obverse__L31.jpg,K.2712__obverse,K.2712,NA,obverse,31,33,31,True,2698.6,343,2648,2050,2701,83.6,-4.03,2532,3006,1428,414,2
samples/ebl/K.2712/lines/K.2712__obverse__L32.jpg,K.2712__obverse,K.2712,NA,obverse,32,33,32,True,2704.7,237,2701,425,2733,83.6,-4.03,2532,3006,1428,414,1
samples/ebl/K.2712/lines/K.2712__obverse__L33.jpg,K.2712__obverse,K.2712,NA,obverse,33,33,33,True,2762.4,389,2733,2355,2833,83.6,-4.03,2532,3006,1428,414,2
samples/ebl/K.2712/lines/K.2712__reverse__L01.jpg,K.2712__reverse,K.2712,NA,reverse,1,27,1',True,315.0,151,275,328,352,78.2,-6.23,2534,2882,1427,4691,1
samples/ebl/K.2712/lines/K.2712__reverse__L02.jpg,K.2712__reverse,K.2712,NA,reverse,2,27,2',True,419.2,143,352,2519,459,78.2,-6.23,2534,2882,1427,4691,3
samples/ebl/K.2712/lines/K.2712__reverse__L03.jpg,K.2712__reverse,K.2712,NA,reverse,3,27,3',True,500.6,130,459,1972,559,78.2,-6.23,2534,2882,1427,4691,3
samples/ebl/K.2712/lines/K.2712__reverse__L04.jpg,K.2712__reverse,K.2712,NA,reverse,4,27,4',True,617.5,1292,559,2500,666,78.2,-6.23,2534,2882,1427,4691,5
samples/ebl/K.2712/lines/K.2712__reverse__L05.jpg,K.2712__reverse,K.2712,NA,reverse,5,27,5',True,715.5,460,666,835,758,78.2,-6.23,2534,2882,1427,4691,2
samples/ebl/K.2712/lines/K.2712__reverse__L06.jpg,K.2712__reverse,K.2712,NA,reverse,6,27,6',True,802.3,96,758,836,838,78.2,-6.23,2534,2882,1427,4691,3
samples/ebl/K.2712/lines/K.2712__reverse__L07.jpg,K.2712__reverse,K.2712,NA,reverse,7,27,7',True,874.8,202,838,1342,915,78.2,-6.23,2534,2882,1427,4691,4
samples/ebl/K.2712/lines/K.2712__reverse__L08.jpg,K.2712__reverse,K.2712,NA,reverse,8,27,8',True,956.2,843,915,2169,984,78.2,-6.23,2534,2882,1427,4691,7
samples/ebl/K.2712/lines/K.2712__reverse__L09.jpg,K.2712__reverse,K.2712,NA,reverse,9,27,9',True,1012.1,350,984,2427,1058,78.2,-6.23,2534,2882,1427,4691,8
samples/ebl/K.2712/lines/K.2712__reverse__L10.jpg,K.2712__reverse,K.2712,NA,reverse,10,27,10',True,1105.1,67,1058,2459,1138,78.2,-6.23,2534,2882,1427,4691,3
samples/ebl/K.2712/lines/K.2712__reverse__L11.jpg,K.2712__reverse,K.2712,NA,reverse,11,27,11',True,1171.7,642,1138,2441,1206,78.2,-6.23,2534,2882,1427,4691,4
samples/ebl/K.2712/lines/K.2712__reverse__L12.jpg,K.2712__reverse,K.2712,NA,reverse,12,27,12',True,1240.7,42,1206,2470,1269,78.2,-6.23,2534,2882,1427,4691,4
samples/ebl/K.2712/lines/K.2712__reverse__L13.jpg,K.2712__reverse,K.2712,NA,reverse,13,27,13',True,1298.2,602,1269,2196,1330,78.2,-6.23,2534,2882,1427,4691,4
samples/ebl/K.2712/lines/K.2712__reverse__L14.jpg,K.2712__reverse,K.2712,NA,reverse,14,27,14',True,1363.6,222,1330,1350,1396,78.2,-6.23,2534,2882,1427,4691,3
samples/ebl/K.2712/lines/K.2712__reverse__L15.jpg,K.2712__reverse,K.2712,NA,reverse,15,27,15',True,1430.1,621,1396,1923,1477,78.2,-6.23,2534,2882,1427,4691,4
samples/ebl/K.2712/lines/K.2712__reverse__L16.jpg,K.2712__reverse,K.2712,NA,reverse,16,27,16',True,1523.9,3,1477,1513,1549,78.2,-6.23,2534,2882,1427,4691,4
samples/ebl/K.2712/lines/K.2712__reverse__L17.jpg,K.2712__reverse,K.2712,NA,reverse,17,27,17',True,1574.8,0,1549,988,1607,78.2,-6.23,2534,2882,1427,4691,4
samples/ebl/K.2712/lines/K.2712__reverse__L18.jpg,K.2712__reverse,K.2712,NA,reverse,18,27,18',True,1639.3,250,1607,2422,1669,78.2,-6.23,2534,2882,1427,4691,8
samples/ebl/K.2712/lines/K.2712__reverse__L19.jpg,K.2712__reverse,K.2712,NA,reverse,19,27,19',True,1699.6,0,1669,1145,1738,78.2,-6.23,2534,2882,1427,4691,4
samples/ebl/K.2712/lines/K.2712__reverse__L20.jpg,K.2712__reverse,K.2712,NA,reverse,20,27,20',True,1776.4,270,1738,1864,1826,78.2,-6.23,2534,2882,1427,4691,4
samples/ebl/K.2712/lines/K.2712__reverse__L21.jpg,K.2712__reverse,K.2712,NA,reverse,21,27,21',True,1875.8,1967,1826,2143,1905,78.2,-6.23,2534,2882,1427,4691,1
samples/ebl/K.2712/lines/K.2712__reverse__L22.jpg,K.2712__reverse,K.2712,NA,reverse,22,27,22',True,1934.5,201,1905,378,1972,78.2,-6.23,2534,2882,1427,4691,1
samples/ebl/K.2712/lines/K.2712__reverse__L23.jpg,K.2712__reverse,K.2712,NA,reverse,23,27,23',True,2041.4,342,1972,1561,2081,78.2,-6.23,2534,2882,1427,4691,6
samples/ebl/K.2712/lines/K.2712__reverse__L24.jpg,K.2712__reverse,K.2712,NA,reverse,24,27,24',True,2120.9,103,2081,625,2149,78.2,-6.23,2534,2882,1427,4691,3
samples/ebl/K.2712/lines/K.2712__reverse__L25.jpg,K.2712__reverse,K.2712,NA,reverse,25,27,25',True,2178.5,0,2149,2353,2224,78.2,-6.23,2534,2882,1427,4691,4
samples/ebl/K.2712/lines/K.2712__reverse__L26.jpg,K.2712__reverse,K.2712,NA,reverse,26,27,26',True,2271.0,449,2224,752,2390,78.2,-6.23,2534,2882,1427,4691,2
samples/ebl/K.2712/lines/K.2712__reverse__L27.jpg,K.2712__reverse,K.2712,NA,reverse,27,27,27',True,2490.1,1438,2390,1615,2529,78.2,-6.23,2534,2882,1427,4691,1
samples/ebl/K.3118/lines/K.3118__obverse__L01.jpg,K.3118__obverse,K.3118,NA,obverse,1,26,1',True,206.3,217,99,867,270,151.2,-2.16,1824,5484,663,81,2
samples/ebl/K.3118/lines/K.3118__obverse__L02.jpg,K.3118__obverse,K.3118,NA,obverse,2,26,2',True,334.2,670,270,1055,409,151.2,-2.16,1824,5484,663,81,2
samples/ebl/K.3118/lines/K.3118__obverse__L03.jpg,K.3118__obverse,K.3118,NA,obverse,3,26,3',True,485.4,507,409,1211,549,151.2,-2.16,1824,5484,663,81,4
samples/ebl/K.3118/lines/K.3118__obverse__L04.jpg,K.3118__obverse,K.3118,NA,obverse,4,26,4',True,613.3,483,549,1037,701,151.2,-2.16,1824,5484,663,81,4
samples/ebl/K.3118/lines/K.3118__obverse__L05.jpg,K.3118__obverse,K.3118,NA,obverse,5,26,5',True,789.1,146,701,1466,877,151.2,-2.16,1824,5484,663,81,7
samples/ebl/K.3118/lines/K.3118__obverse__L06.jpg,K.3118__obverse,K.3118,NA,obverse,6,26,6',True,966.3,267,877,1660,1083,151.2,-2.16,1824,5484,663,81,6
samples/ebl/K.3118/lines/K.3118__obverse__L07.jpg,K.3118__obverse,K.3118,NA,obverse,7,26,7',True,1199.8,305,1083,1824,1284,151.2,-2.16,1824,5484,663,81,12
samples/ebl/K.3118/lines/K.3118__obverse__L08.jpg,K.3118__obverse,K.3118,NA,obverse,8,26,8',True,1369.5,233,1284,1824,1413,151.2,-2.16,1824,5484,663,81,4
samples/ebl/K.3118/lines/K.3118__obverse__L09.jpg,K.3118__obverse,K.3118,NA,obverse,9,26,9',True,1457.6,380,1413,1552,1513,151.2,-2.16,1824,5484,663,81,2
samples/ebl/K.3118/lines/K.3118__obverse__L10.jpg,K.3118__obverse,K.3118,NA,obverse,10,26,10',True,1568.8,107,1513,1824,1669,151.2,-2.16,1824,5484,663,81,7
samples/ebl/K.3118/lines/K.3118__obverse__L11.jpg,K.3118__obverse,K.3118,NA,obverse,11,26,11',True,1769.4,403,1669,1824,1865,151.2,-2.16,1824,5484,663,81,9
samples/ebl/K.3118/lines/K.3118__obverse__L12.jpg,K.3118__obverse,K.3118,NA,obverse,12,26,12',True,1961.9,13,1865,1824,2041,151.2,-2.16,1824,5484,663,81,9
samples/ebl/K.3118/lines/K.3118__obverse__L13.jpg,K.3118__obverse,K.3118,NA,obverse,13,26,13',True,2121.7,654,2041,912,2174,151.2,-2.16,1824,5484,663,81,1
samples/ebl/K.3118/lines/K.3118__obverse__L14.jpg,K.3118__obverse,K.3118,NA,obverse,14,26,14',True,2226.6,465,2174,839,2272,151.2,-2.16,1824,5484,663,81,2
samples/ebl/K.3118/lines/K.3118__obverse__L15.jpg,K.3118__obverse,K.3118,NA,obverse,15,26,15',True,2318.9,1598,2272,1824,2776,151.2,-2.16,1824,5484,663,81,1
samples/ebl/K.3118/lines/K.3118__obverse__L16.jpg,K.3118__obverse,K.3118,NA,obverse,16,26,16',True,3226.9,725,2776,1410,3311,151.2,-2.16,1824,5484,663,81,2
samples/ebl/K.3118/lines/K.3118__obverse__L17.jpg,K.3118__obverse,K.3118,NA,obverse,17,26,17',True,3386.6,645,3311,1378,3468,151.2,-2.16,1824,5484,663,81,2
samples/ebl/K.3118/lines/K.3118__obverse__L18.jpg,K.3118__obverse,K.3118,NA,obverse,18,26,18',True,3559.5,236,3468,1066,3631,151.2,-2.16,1824,5484,663,81,4
samples/ebl/K.3118/lines/K.3118__obverse__L19.jpg,K.3118__obverse,K.3118,NA,obverse,19,26,19',True,3703.2,122,3631,1717,3830,151.2,-2.16,1824,5484,663,81,3
samples/ebl/K.3118/lines/K.3118__obverse__L20.jpg,K.3118__obverse,K.3118,NA,obverse,20,26,20',True,3952.0,512,3830,1726,4023,151.2,-2.16,1824,5484,663,81,3
samples/ebl/K.3118/lines/K.3118__obverse__L21.jpg,K.3118__obverse,K.3118,NA,obverse,21,26,21',True,4095.6,421,4023,1242,4157,151.2,-2.16,1824,5484,663,81,3
samples/ebl/K.3118/lines/K.3118__obverse__L22.jpg,K.3118__obverse,K.3118,NA,obverse,22,26,22',True,4218.7,870,4157,1129,4281,151.2,-2.16,1824,5484,663,81,1
samples/ebl/K.3118/lines/K.3118__obverse__L23.jpg,K.3118__obverse,K.3118,NA,obverse,23,26,23',True,4344.3,524,4281,1520,4415,151.2,-2.16,1824,5484,663,81,4
samples/ebl/K.3118/lines/K.3118__obverse__L24.jpg,K.3118__obverse,K.3118,NA,obverse,24,26,24',True,4486.3,77,4415,905,4551,151.2,-2.16,1824,5484,663,81,2
samples/ebl/K.3118/lines/K.3118__obverse__L25.jpg,K.3118__obverse,K.3118,NA,obverse,25,26,25',True,4616.2,38,4551,1017,4727,151.2,-2.16,1824,5484,663,81,3
samples/ebl/K.3118/lines/K.3118__obverse__L26.jpg,K.3118__obverse,K.3118,NA,obverse,26,26,26',True,4843.4,955,4727,1214,4920,151.2,-2.16,1824,5484,663,81,1
samples/ebl/K.3118/lines/K.3118__reverse__L01.jpg,K.3118__reverse,K.3118,NA,reverse,1,22,1,True,337.9,199,230,1115,473,186.8,-2.15,1914,5574,618,36,4
samples/ebl/K.3118/lines/K.3118__reverse__L02.jpg,K.3118__reverse,K.3118,NA,reverse,2,22,2,True,600.6,655,473,1267,705,186.8,-2.15,1914,5574,618,36,2
samples/ebl/K.3118/lines/K.3118__reverse__L03.jpg,K.3118__reverse,K.3118,NA,reverse,3,22,3,True,810.0,175,705,1528,896,186.8,-2.15,1914,5574,618,36,9
samples/ebl/K.3118/lines/K.3118__reverse__L04.jpg,K.3118__reverse,K.3118,NA,reverse,4,22,4,True,982.4,363,896,1719,1091,186.8,-2.15,1914,5574,618,36,2
samples/ebl/K.3118/lines/K.3118__reverse__L05.jpg,K.3118__reverse,K.3118,NA,reverse,5,22,5,True,1199.7,151,1091,1914,1336,186.8,-2.15,1914,5574,618,36,16
samples/ebl/K.3118/lines/K.3118__reverse__L06.jpg,K.3118__reverse,K.3118,NA,reverse,6,22,6,True,1491.8,68,1336,1879,1583,186.8,-2.15,1914,5574,618,36,7
samples/ebl/K.3118/lines/K.3118__reverse__L07.jpg,K.3118__reverse,K.3118,NA,reverse,7,22,7,True,1675.2,807,1583,1336,1745,186.8,-2.15,1914,5574,618,36,3
samples/ebl/K.3118/lines/K.3118__reverse__L08.jpg,K.3118__reverse,K.3118,NA,reverse,8,22,8,True,1816.3,105,1745,1910,1922,186.8,-2.15,1914,5574,618,36,8
samples/ebl/K.3118/lines/K.3118__reverse__L09.jpg,K.3118__reverse,K.3118,NA,reverse,9,22,9,True,2028.1,145,1922,1895,2130,186.8,-2.15,1914,5574,618,36,9
samples/ebl/K.3118/lines/K.3118__reverse__L10.jpg,K.3118__reverse,K.3118,NA,reverse,10,22,10,True,2231.2,606,2130,1068,2297,186.8,-2.15,1914,5574,618,36,3
samples/ebl/K.3118/lines/K.3118__reverse__L11.jpg,K.3118__reverse,K.3118,NA,reverse,11,22,11,True,2363.0,1621,2297,1914,2830,186.8,-2.15,1914,5574,618,36,1
samples/ebl/K.3118/lines/K.3118__reverse__L12.jpg,K.3118__reverse,K.3118,NA,reverse,12,22,12,True,3293.4,244,2830,1469,3362,186.8,-2.15,1914,5574,618,36,3
samples/ebl/K.3118/lines/K.3118__reverse__L13.jpg,K.3118__reverse,K.3118,NA,reverse,13,22,13,True,3430.6,402,3362,1632,3516,186.8,-2.15,1914,5574,618,36,2
samples/ebl/K.3118/lines/K.3118__reverse__L14.jpg,K.3118__reverse,K.3118,NA,reverse,14,22,14,True,3607.5,557,3516,1130,3674,186.8,-2.15,1914,5574,618,36,3
samples/ebl/K.3118/lines/K.3118__reverse__L15.jpg,K.3118__reverse,K.3118,NA,reverse,15,22,15,True,3742.1,148,3674,1761,3878,186.8,-2.15,1914,5574,618,36,5
samples/ebl/K.3118/lines/K.3118__reverse__L16.jpg,K.3118__reverse,K.3118,NA,reverse,16,22,16,True,4007.8,540,3878,1403,4101,186.8,-2.15,1914,5574,618,36,2
samples/ebl/K.3118/lines/K.3118__reverse__L17.jpg,K.3118__reverse,K.3118,NA,reverse,17,22,17,True,4194.6,336,4101,1608,4320,186.8,-2.15,1914,5574,618,36,9
samples/ebl/K.3118/lines/K.3118__reverse__L18.jpg,K.3118__reverse,K.3118,NA,reverse,18,22,18,True,4386.9,552,4320,1578,4456,186.8,-2.15,1914,5574,618,36,4
samples/ebl/K.3118/lines/K.3118__reverse__L19.jpg,K.3118__reverse,K.3118,NA,reverse,19,22,19,True,4522.3,102,4456,1142,4592,186.8,-2.15,1914,5574,618,36,2
samples/ebl/K.3118/lines/K.3118__reverse__L20.jpg,K.3118__reverse,K.3118,NA,reverse,20,22,20,True,4659.5,0,4592,1537,4762,186.8,-2.15,1914,5574,618,36,4
samples/ebl/K.3118/lines/K.3118__reverse__L21.jpg,K.3118__reverse,K.3118,NA,reverse,21,22,21,True,4886.3,984,4762,1277,4956,186.8,-2.15,1914,5574,618,36,1
samples/ebl/K.3118/lines/K.3118__reverse__L22.jpg,K.3118__reverse,K.3118,NA,reverse,22,22,22,True,5027.2,884,4956,1177,5122,186.8,-2.15,1914,5574,618,36,1
samples/ebl/K.3810/lines/K.3810__obverse__L01.jpg,K.3810__obverse,K.3810,NA,obverse,1,9,1,True,157.9,32,79,1422,201,81.2,-1.35,1514,830,563,83,13
samples/ebl/K.3810/lines/K.3810__obverse__L02.jpg,K.3810__obverse,K.3810,NA,obverse,2,9,2,True,245.9,17,201,1438,287,81.2,-1.35,1514,830,563,83,9
samples/ebl/K.3810/lines/K.3810__obverse__L03.jpg,K.3810__obverse,K.3810,NA,obverse,3,9,3,True,328.3,5,287,1425,369,81.2,-1.35,1514,830,563,83,12
samples/ebl/K.3810/lines/K.3810__obverse__L04.jpg,K.3810__obverse,K.3810,NA,obverse,4,9,4,True,410.9,16,369,1436,450,81.2,-1.35,1514,830,563,83,10
samples/ebl/K.3810/lines/K.3810__obverse__L05.jpg,K.3810__obverse,K.3810,NA,obverse,5,9,5,True,490.9,301,450,1324,528,81.2,-1.35,1514,830,563,83,5
samples/ebl/K.3810/lines/K.3810__obverse__L06.jpg,K.3810__obverse,K.3810,NA,obverse,6,9,6,True,565.7,530,528,1059,604,81.2,-1.35,1514,830,563,83,6
samples/ebl/K.3810/lines/K.3810__obverse__L07.jpg,K.3810__obverse,K.3810,NA,obverse,7,9,7,True,643.9,590,604,1366,689,81.2,-1.35,1514,830,563,83,5
samples/ebl/K.3810/lines/K.3810__obverse__L08.jpg,K.3810__obverse,K.3810,NA,obverse,8,9,8,True,734.5,770,689,1064,766,81.2,-1.35,1514,830,563,83,2
samples/ebl/K.3810/lines/K.3810__obverse__L09.jpg,K.3810__obverse,K.3810,NA,obverse,9,9,9,True,797.6,728,766,992,830,81.2,-1.35,1514,830,563,83,3
samples/ebl/K.3810/lines/K.3810__reverse__L01.jpg,K.3810__reverse,K.3810,NA,reverse,1,3,1',True,300.4,18,204,1065,440,255.8,-1.15,1600,1042,514,1534,9
samples/ebl/K.3810/lines/K.3810__reverse__L02.jpg,K.3810__reverse,K.3810,NA,reverse,2,3,2',True,571.1,0,440,1256,691,255.8,-1.15,1600,1042,514,1534,9
samples/ebl/K.3810/lines/K.3810__reverse__L03.jpg,K.3810__reverse,K.3810,NA,reverse,3,3,3',True,812.0,0,691,1600,899,255.8,-1.15,1600,1042,514,1534,10
samples/ebl/K.4003/lines/K.4003__obverse__L01.jpg,K.4003__obverse,K.4003,NA,obverse,1,27,1,True,123.0,206,70,424,193,102.6,-6.24,2228,3248,968,128,1
samples/ebl/K.4003/lines/K.4003__obverse__L02.jpg,K.4003__obverse,K.4003,NA,obverse,2,27,2,True,264.2,193,193,1420,342,102.6,-6.24,2228,3248,968,128,5
samples/ebl/K.4003/lines/K.4003__obverse__L03.jpg,K.4003__obverse,K.4003,NA,obverse,3,27,3,True,394.4,975,342,1193,434,102.6,-6.24,2228,3248,968,128,1
samples/ebl/K.4003/lines/K.4003__obverse__L04.jpg,K.4003__obverse,K.4003,NA,obverse,4,27,4,True,474.0,793,434,1011,521,102.6,-6.24,2228,3248,968,128,1
samples/ebl/K.4003/lines/K.4003__obverse__L05.jpg,K.4003__obverse,K.4003,NA,obverse,5,27,5,True,594.7,465,521,1312,639,102.6,-6.24,2228,3248,968,128,5
samples/ebl/K.4003/lines/K.4003__obverse__L06.jpg,K.4003__obverse,K.4003,NA,obverse,6,27,6,True,684.6,718,639,2137,719,102.6,-6.24,2228,3248,968,128,3
samples/ebl/K.4003/lines/K.4003__obverse__L07.jpg,K.4003__obverse,K.4003,NA,obverse,7,27,7,True,753.6,223,719,1877,821,102.6,-6.24,2228,3248,968,128,4
samples/ebl/K.4003/lines/K.4003__obverse__L08.jpg,K.4003__obverse,K.4003,NA,obverse,8,27,8,True,889.7,274,821,2066,956,102.6,-6.24,2228,3248,968,128,7
samples/ebl/K.4003/lines/K.4003__obverse__L09.jpg,K.4003__obverse,K.4003,NA,obverse,9,27,9,True,1022.8,454,956,1723,1047,102.6,-6.24,2228,3248,968,128,9
samples/ebl/K.4003/lines/K.4003__obverse__L10.jpg,K.4003__obverse,K.4003,NA,obverse,10,27,10,True,1071.2,1080,1047,2228,1109,102.6,-6.24,2228,3248,968,128,4
samples/ebl/K.4003/lines/K.4003__obverse__L11.jpg,K.4003__obverse,K.4003,NA,obverse,11,27,11,True,1148.3,181,1109,2005,1207,102.6,-6.24,2228,3248,968,128,5
samples/ebl/K.4003/lines/K.4003__obverse__L12.jpg,K.4003__obverse,K.4003,NA,obverse,12,27,12,True,1266.8,178,1207,1475,1322,102.6,-6.24,2228,3248,968,128,3
samples/ebl/K.4003/lines/K.4003__obverse__L13.jpg,K.4003__obverse,K.4003,NA,obverse,13,27,13,True,1377.2,392,1322,1477,1424,102.6,-6.24,2228,3248,968,128,4
samples/ebl/K.4003/lines/K.4003__obverse__L14.jpg,K.4003__obverse,K.4003,NA,obverse,14,27,14,True,1472.0,1250,1424,1554,1540,102.6,-6.24,2228,3248,968,128,2
samples/ebl/K.4003/lines/K.4003__obverse__L15.jpg,K.4003__obverse,K.4003,NA,obverse,15,27,15,True,1623.1,393,1540,963,1699,102.6,-6.24,2228,3248,968,128,3
samples/ebl/K.4003/lines/K.4003__obverse__L16.jpg,K.4003__obverse,K.4003,NA,obverse,16,27,16,True,1776.8,0,1699,1187,1805,102.6,-6.24,2228,3248,968,128,4
samples/ebl/K.4003/lines/K.4003__obverse__L17.jpg,K.4003__obverse,K.4003,NA,obverse,17,27,17,True,1834.8,0,1805,1298,1892,102.6,-6.24,2228,3248,968,128,4
samples/ebl/K.4003/lines/K.4003__obverse__L18.jpg,K.4003__obverse,K.4003,NA,obverse,18,27,18,True,1950.1,158,1892,1203,1992,102.6,-6.24,2228,3248,968,128,8
samples/ebl/K.4003/lines/K.4003__obverse__L19.jpg,K.4003__obverse,K.4003,NA,obverse,19,27,19,True,2034.6,0,1992,1395,2078,102.6,-6.24,2228,3248,968,128,4
samples/ebl/K.4003/lines/K.4003__obverse__L20.jpg,K.4003__obverse,K.4003,NA,obverse,20,27,21,True,2121.9,0,2078,1379,2158,102.6,-6.24,2228,3248,968,128,4
samples/ebl/K.4003/lines/K.4003__obverse__L21.jpg,K.4003__obverse,K.4003,NA,obverse,21,27,22,True,2194.4,0,2158,1406,2222,102.6,-6.24,2228,3248,968,128,4
samples/ebl/K.4003/lines/K.4003__obverse__L22.jpg,K.4003__obverse,K.4003,NA,obverse,22,27,23,True,2249.8,704,2222,1040,2290,102.6,-6.24,2228,3248,968,128,2
samples/ebl/K.4003/lines/K.4003__obverse__L23.jpg,K.4003__obverse,K.4003,NA,obverse,23,27,24,True,2331.3,0,2290,903,2412,102.6,-6.24,2228,3248,968,128,3
samples/ebl/K.4003/lines/K.4003__obverse__L24.jpg,K.4003__obverse,K.4003,NA,obverse,24,27,25,True,2494.0,0,2412,919,2562,102.6,-6.24,2228,3248,968,128,6
samples/ebl/K.4003/lines/K.4003__obverse__L25.jpg,K.4003__obverse,K.4003,NA,obverse,25,27,26,True,2630.3,380,2562,598,2677,102.6,-6.24,2228,3248,968,128,1
samples/ebl/K.4003/lines/K.4003__obverse__L26.jpg,K.4003__obverse,K.4003,NA,obverse,26,27,27,True,2724.4,137,2677,864,2799,102.6,-6.24,2228,3248,968,128,2
samples/ebl/K.4003/lines/K.4003__obverse__L27.jpg,K.4003__obverse,K.4003,NA,obverse,27,27,28,True,2845.4,233,2799,451,2897,102.6,-6.24,2228,3248,968,128,1
samples/ebl/K.4003/lines/K.4003__reverse__L01.jpg,K.4003__reverse,K.4003,NA,reverse,1,20,1',True,289.5,363,183,851,351,124.1,-7.65,2194,3166,991,4417,3
samples/ebl/K.4003/lines/K.4003__reverse__L02.jpg,K.4003__reverse,K.4003,NA,reverse,2,20,2',True,413.3,551,351,1301,488,124.1,-7.65,2194,3166,991,4417,2
samples/ebl/K.4003/lines/K.4003__reverse__L03.jpg,K.4003__reverse,K.4003,NA,reverse,3,20,3',True,563.6,374,488,1531,621,124.1,-7.65,2194,3166,991,4417,8
samples/ebl/K.4003/lines/K.4003__reverse__L04.jpg,K.4003__reverse,K.4003,NA,reverse,4,20,4',True,679.5,639,621,1691,737,124.1,-7.65,2194,3166,991,4417,4
samples/ebl/K.4003/lines/K.4003__reverse__L05.jpg,K.4003__reverse,K.4003,NA,reverse,5,20,5',True,795.4,286,737,1522,861,124.1,-7.65,2194,3166,991,4417,5
samples/ebl/K.4003/lines/K.4003__reverse__L06.jpg,K.4003__reverse,K.4003,NA,reverse,6,20,6',True,927.0,141,861,1864,985,124.1,-7.65,2194,3166,991,4417,5
samples/ebl/K.4003/lines/K.4003__reverse__L07.jpg,K.4003__reverse,K.4003,NA,reverse,7,20,7',True,1043.7,35,985,1775,1105,124.1,-7.65,2194,3166,991,4417,6
samples/ebl/K.4003/lines/K.4003__reverse__L08.jpg,K.4003__reverse,K.4003,NA,reverse,8,20,8',True,1167.5,247,1105,1627,1224,124.1,-7.65,2194,3166,991,4417,11
samples/ebl/K.4003/lines/K.4003__reverse__L09.jpg,K.4003__reverse,K.4003,NA,reverse,9,20,9',True,1281.3,625,1224,1524,1391,124.1,-7.65,2194,3166,991,4417,6
samples/ebl/K.4003/lines/K.4003__reverse__L10.jpg,K.4003__reverse,K.4003,NA,reverse,10,20,10',True,1474.1,0,1391,238,1523,124.1,-7.65,2194,3166,991,4417,1
samples/ebl/K.4003/lines/K.4003__reverse__L11.jpg,K.4003__reverse,K.4003,NA,reverse,11,20,11',True,1573.2,0,1523,1042,1636,124.1,-7.65,2194,3166,991,4417,6
samples/ebl/K.4003/lines/K.4003__reverse__L12.jpg,K.4003__reverse,K.4003,NA,reverse,12,20,12',True,1700.2,211,1636,688,1756,124.1,-7.65,2194,3166,991,4417,2
samples/ebl/K.4003/lines/K.4003__reverse__L13.jpg,K.4003__reverse,K.4003,NA,reverse,13,20,13',True,1812.7,0,1756,1474,1882,124.1,-7.65,2194,3166,991,4417,6
samples/ebl/K.4003/lines/K.4003__reverse__L14.jpg,K.4003__reverse,K.4003,NA,reverse,14,20,14',True,1952.2,0,1882,2121,2028,124.1,-7.65,2194,3166,991,4417,9
samples/ebl/K.4003/lines/K.4003__reverse__L15.jpg,K.4003__reverse,K.4003,NA,reverse,15,20,15',True,2105.5,73,2028,2158,2130,124.1,-7.65,2194,3166,991,4417,7
samples/ebl/K.4003/lines/K.4003__reverse__L16.jpg,K.4003__reverse,K.4003,NA,reverse,16,20,16',True,2156.2,258,2130,2129,2218,124.1,-7.65,2194,3166,991,4417,8
samples/ebl/K.4003/lines/K.4003__reverse__L17.jpg,K.4003__reverse,K.4003,NA,reverse,17,20,19',True,2280.3,0,2218,2158,2342,124.1,-7.65,2194,3166,991,4417,0
samples/ebl/K.4003/lines/K.4003__reverse__L18.jpg,K.4003__reverse,K.4003,NA,reverse,18,20,20',True,2404.4,0,2342,2158,2466,124.1,-7.65,2194,3166,991,4417,0
samples/ebl/K.4003/lines/K.4003__reverse__L19.jpg,K.4003__reverse,K.4003,NA,reverse,19,20,21',True,2528.5,0,2466,2158,2590,124.1,-7.65,2194,3166,991,4417,0
samples/ebl/K.4003/lines/K.4003__reverse__L20.jpg,K.4003__reverse,K.4003,NA,reverse,20,20,22',True,2652.6,0,2590,1957,2747,124.1,-7.65,2194,3166,991,4417,11
samples/ebl/K.6201/lines/K.6201__obverse__L01.jpg,K.6201__obverse,K.6201,NA,obverse,1,18,1,True,216.4,385,164,1357,246,63.4,-0.8,1724,1322,923,269,6
samples/ebl/K.6201/lines/K.6201__obverse__L02.jpg,K.6201__obverse,K.6201,NA,obverse,2,18,2,True,276.6,170,246,1348,305,63.4,-0.8,1724,1322,923,269,6
samples/ebl/K.6201/lines/K.6201__obverse__L03.jpg,K.6201__obverse,K.6201,NA,obverse,3,18,3,True,334.6,270,305,1523,364,63.4,-0.8,1724,1322,923,269,11
samples/ebl/K.6201/lines/K.6201__obverse__L04.jpg,K.6201__obverse,K.6201,NA,obverse,4,18,4,True,394.6,245,364,1390,425,63.4,-0.8,1724,1322,923,269,8
samples/ebl/K.6201/lines/K.6201__obverse__L05.jpg,K.6201__obverse,K.6201,NA,obverse,5,18,5,True,455.6,512,425,1577,491,63.4,-0.8,1724,1322,923,269,9
samples/ebl/K.6201/lines/K.6201__obverse__L06.jpg,K.6201__obverse,K.6201,NA,obverse,6,18,6,True,526.4,393,491,1193,556,63.4,-0.8,1724,1322,923,269,8
samples/ebl/K.6201/lines/K.6201__obverse__L07.jpg,K.6201__obverse,K.6201,NA,obverse,7,18,7,True,586.3,493,556,1673,616,63.4,-0.8,1724,1322,923,269,8
samples/ebl/K.6201/lines/K.6201__obverse__L08.jpg,K.6201__obverse,K.6201,NA,obverse,8,18,8,True,645.8,764,616,1650,677,63.4,-0.8,1724,1322,923,269,6
samples/ebl/K.6201/lines/K.6201__obverse__L09.jpg,K.6201__obverse,K.6201,NA,obverse,9,18,9,True,708.3,514,677,1475,741,63.4,-0.8,1724,1322,923,269,7
samples/ebl/K.6201/lines/K.6201__obverse__L10.jpg,K.6201__obverse,K.6201,NA,obverse,10,18,10,True,774.9,435,741,1179,807,63.4,-0.8,1724,1322,923,269,6
samples/ebl/K.6201/lines/K.6201__obverse__L11.jpg,K.6201__obverse,K.6201,NA,obverse,11,18,11,True,839.2,644,807,1640,872,63.4,-0.8,1724,1322,923,269,7
samples/ebl/K.6201/lines/K.6201__obverse__L12.jpg,K.6201__obverse,K.6201,NA,obverse,12,18,12,True,905.2,966,872,1099,938,63.4,-0.8,1724,1322,923,269,1
samples/ebl/K.6201/lines/K.6201__obverse__L13.jpg,K.6201__obverse,K.6201,NA,obverse,13,18,13,True,972.0,696,938,1436,1007,63.4,-0.8,1724,1322,923,269,6
samples/ebl/K.6201/lines/K.6201__obverse__L14.jpg,K.6201__obverse,K.6201,NA,obverse,14,18,14,True,1042.2,797,1007,1493,1075,63.4,-0.8,1724,1322,923,269,6
samples/ebl/K.6201/lines/K.6201__obverse__L15.jpg,K.6201__obverse,K.6201,NA,obverse,15,18,15,True,1109.1,931,1075,1502,1140,63.4,-0.8,1724,1322,923,269,5
samples/ebl/K.6201/lines/K.6201__obverse__L16.jpg,K.6201__obverse,K.6201,NA,obverse,16,18,16,True,1172.5,170,1140,1673,1204,63.4,-0.8,1724,1322,923,269,0
samples/ebl/K.6201/lines/K.6201__obverse__L17.jpg,K.6201__obverse,K.6201,NA,obverse,17,18,17,True,1236.0,170,1204,1673,1267,63.4,-0.8,1724,1322,923,269,0
samples/ebl/K.6201/lines/K.6201__obverse__L18.jpg,K.6201__obverse,K.6201,NA,obverse,18,18,18,True,1299.4,170,1267,1673,1322,63.4,-0.8,1724,1322,923,269,0
samples/ebl/K.6201/lines/K.6201__reverse__L01.jpg,K.6201__reverse,K.6201,NA,reverse,1,4,2',True,639.3,1035,581,1416,713,147.8,-3.76,1806,1392,870,2316,4
samples/ebl/K.6201/lines/K.6201__reverse__L02.jpg,K.6201__reverse,K.6201,NA,reverse,2,4,3',True,799.4,970,713,1735,867,147.8,-3.76,1806,1392,870,2316,5
samples/ebl/K.6201/lines/K.6201__reverse__L03.jpg,K.6201__reverse,K.6201,NA,reverse,3,4,4',True,947.2,974,867,1755,1018,147.8,-3.76,1806,1392,870,2316,6
samples/ebl/K.6201/lines/K.6201__reverse__L04.jpg,K.6201__reverse,K.6201,NA,reverse,4,4,5',True,1089.3,1080,1018,1724,1158,147.8,-3.76,1806,1392,870,2316,3
samples/ebl/K.7114/lines/K.7114__obverse__L01.jpg,K.7114__obverse,K.7114,NA,obverse,1,3,1,True,181.8,1783,138,1954,223,84.8,0.0,1954,2038,1063,541,1
samples/ebl/K.7114/lines/K.7114__obverse__L02.jpg,K.7114__obverse,K.7114,NA,obverse,2,3,2,True,275.0,1702,223,1937,313,84.8,0.0,1954,2038,1063,541,2
samples/ebl/K.7114/lines/K.7114__obverse__L03.jpg,K.7114__obverse,K.7114,NA,obverse,3,3,3,True,351.5,1668,313,1934,401,84.8,0.0,1954,2038,1063,541,3
samples/ebl/K.7114/lines/K.7114__reverse__L01.jpg,K.7114__reverse,K.7114,NA,reverse,1,14,1',True,217.0,150,153,644,288,156.4,-2.26,2034,2256,1026,3246,2
samples/ebl/K.7114/lines/K.7114__reverse__L02.jpg,K.7114__reverse,K.7114,NA,reverse,2,14,2',True,363.2,428,288,1391,406,156.4,-2.26,2034,2256,1026,3246,4
samples/ebl/K.7114/lines/K.7114__reverse__L03.jpg,K.7114__reverse,K.7114,NA,reverse,3,14,3',True,449.0,377,406,1712,500,156.4,-2.26,2034,2256,1026,3246,9
samples/ebl/K.7114/lines/K.7114__reverse__L04.jpg,K.7114__reverse,K.7114,NA,reverse,4,14,4',True,551.7,411,500,2028,595,156.4,-2.26,2034,2256,1026,3246,9
samples/ebl/K.7114/lines/K.7114__reverse__L05.jpg,K.7114__reverse,K.7114,NA,reverse,5,14,5',True,638.7,163,595,1866,679,156.4,-2.26,2034,2256,1026,3246,9
samples/ebl/K.7114/lines/K.7114__reverse__L06.jpg,K.7114__reverse,K.7114,NA,reverse,6,14,6',True,719.5,291,679,2026,764,156.4,-2.26,2034,2256,1026,3246,12
samples/ebl/K.7114/lines/K.7114__reverse__L07.jpg,K.7114__reverse,K.7114,NA,reverse,7,14,7',True,808.7,215,764,2013,886,156.4,-2.26,2034,2256,1026,3246,6
samples/ebl/K.7114/lines/K.7114__reverse__L08.jpg,K.7114__reverse,K.7114,NA,reverse,8,14,8',True,971.4,380,886,1987,1056,156.4,-2.26,2034,2256,1026,3246,9
samples/ebl/K.7114/lines/K.7114__reverse__L09.jpg,K.7114__reverse,K.7114,NA,reverse,9,14,9',True,1129.6,251,1056,2016,1210,156.4,-2.26,2034,2256,1026,3246,9
samples/ebl/K.7114/lines/K.7114__reverse__L10.jpg,K.7114__reverse,K.7114,NA,reverse,10,14,10',True,1292.2,177,1210,1988,1364,156.4,-2.26,2034,2256,1026,3246,7
samples/ebl/K.7114/lines/K.7114__reverse__L11.jpg,K.7114__reverse,K.7114,NA,reverse,11,14,11',True,1448.6,193,1364,1988,1532,156.4,-2.26,2034,2256,1026,3246,9
samples/ebl/K.7114/lines/K.7114__reverse__L12.jpg,K.7114__reverse,K.7114,NA,reverse,12,14,12',True,1612.0,302,1532,1958,1705,156.4,-2.26,2034,2256,1026,3246,9
samples/ebl/K.7114/lines/K.7114__reverse__L13.jpg,K.7114__reverse,K.7114,NA,reverse,13,14,13',True,1782.9,939,1705,1638,1870,156.4,-2.26,2034,2256,1026,3246,5
samples/ebl/K.7114/lines/K.7114__reverse__L14.jpg,K.7114__reverse,K.7114,NA,reverse,14,14,14',True,1960.1,1186,1870,1448,2039,156.4,-2.26,2034,2256,1026,3246,1
samples/ebl/K.7853/lines/K.7853__obverse__L01.jpg,K.7853__obverse,K.7853,NA,obverse,1,11,1,True,134.2,1042,89,1316,161,53.3,-3.57,1316,2450,1013,425,3
samples/ebl/K.7853/lines/K.7853__obverse__L02.jpg,K.7853__obverse,K.7853,NA,obverse,2,11,2,True,189.5,976,161,1316,215,53.3,-3.57,1316,2450,1013,425,4
samples/ebl/K.7853/lines/K.7853__obverse__L03.jpg,K.7853__obverse,K.7853,NA,obverse,3,11,3,True,242.0,974,215,1316,266,53.3,-3.57,1316,2450,1013,425,3
samples/ebl/K.7853/lines/K.7853__obverse__L04.jpg,K.7853__obverse,K.7853,NA,obverse,4,11,4,True,291.8,1077,266,1316,321,53.3,-3.57,1316,2450,1013,425,2
samples/ebl/K.7853/lines/K.7853__obverse__L05.jpg,K.7853__obverse,K.7853,NA,obverse,5,11,5,True,351.9,992,321,1316,376,53.3,-3.57,1316,2450,1013,425,3
samples/ebl/K.7853/lines/K.7853__obverse__L06.jpg,K.7853__obverse,K.7853,NA,obverse,6,11,6,True,401.4,1070,376,1316,423,53.3,-3.57,1316,2450,1013,425,2
samples/ebl/K.7853/lines/K.7853__obverse__L07.jpg,K.7853__obverse,K.7853,NA,obverse,7,11,7,True,445.5,1047,423,1316,472,53.3,-3.57,1316,2450,1013,425,2
samples/ebl/K.7853/lines/K.7853__obverse__L08.jpg,K.7853__obverse,K.7853,NA,obverse,8,11,8,True,498.7,1049,472,1316,527,53.3,-3.57,1316,2450,1013,425,2
samples/ebl/K.7853/lines/K.7853__obverse__L09.jpg,K.7853__obverse,K.7853,NA,obverse,9,11,9,True,555.3,957,527,1316,585,53.3,-3.57,1316,2450,1013,425,2
samples/ebl/K.7853/lines/K.7853__obverse__L10.jpg,K.7853__obverse,K.7853,NA,obverse,10,11,10,True,615.0,1206,585,1316,641,53.3,-3.57,1316,2450,1013,425,1
samples/ebl/K.7853/lines/K.7853__obverse__L11.jpg,K.7853__obverse,K.7853,NA,obverse,11,11,11,True,668.5,1135,641,1306,706,53.3,-3.57,1316,2450,1013,425,2
samples/ebl/K.7853/lines/K.7853__reverse__L01.jpg,K.7853__reverse,K.7853,NA,reverse,1,31,1',True,166.8,354,131,497,195,68.3,-2.61,1320,2622,1053,3615,1
samples/ebl/K.7853/lines/K.7853__reverse__L02.jpg,K.7853__reverse,K.7853,NA,reverse,2,31,2',True,223.7,44,195,1246,252,68.3,-2.61,1320,2622,1053,3615,0
samples/ebl/K.7853/lines/K.7853__reverse__L03.jpg,K.7853__reverse,K.7853,NA,reverse,3,31,3',True,280.7,310,252,613,311,68.3,-2.61,1320,2622,1053,3615,3
samples/ebl/K.7853/lines/K.7853__reverse__L04.jpg,K.7853__reverse,K.7853,NA,reverse,4,31,4',True,342.7,488,311,631,374,68.3,-2.61,1320,2622,1053,3615,1
samples/ebl/K.7853/lines/K.7853__reverse__L05.jpg,K.7853__reverse,K.7853,NA,reverse,5,31,5',True,406.5,324,374,651,444,68.3,-2.61,1320,2622,1053,3615,3
samples/ebl/K.7853/lines/K.7853__reverse__L06.jpg,K.7853__reverse,K.7853,NA,reverse,6,31,6',True,481.7,98,444,512,513,68.3,-2.61,1320,2622,1053,3615,5
samples/ebl/K.7853/lines/K.7853__reverse__L07.jpg,K.7853__reverse,K.7853,NA,reverse,7,31,7',True,544.6,182,513,326,572,68.3,-2.61,1320,2622,1053,3615,1
samples/ebl/K.7853/lines/K.7853__reverse__L08.jpg,K.7853__reverse,K.7853,NA,reverse,8,31,8',True,600.3,173,572,460,630,68.3,-2.61,1320,2622,1053,3615,2
samples/ebl/K.7853/lines/K.7853__reverse__L09.jpg,K.7853__reverse,K.7853,NA,reverse,9,31,9',True,660.6,44,630,318,691,68.3,-2.61,1320,2622,1053,3615,2
samples/ebl/K.7853/lines/K.7853__reverse__L10.jpg,K.7853__reverse,K.7853,NA,reverse,10,31,10',True,722.9,77,691,796,764,68.3,-2.61,1320,2622,1053,3615,6
samples/ebl/K.7853/lines/K.7853__reverse__L11.jpg,K.7853__reverse,K.7853,NA,reverse,11,31,11',True,806.1,67,764,711,837,68.3,-2.61,1320,2622,1053,3615,5
samples/ebl/K.7853/lines/K.7853__reverse__L12.jpg,K.7853__reverse,K.7853,NA,reverse,12,31,12',True,868.0,148,837,983,895,68.3,-2.61,1320,2622,1053,3615,6
samples/ebl/K.7853/lines/K.7853__reverse__L13.jpg,K.7853__reverse,K.7853,NA,reverse,13,31,13',True,923.2,143,895,973,951,68.3,-2.61,1320,2622,1053,3615,3
samples/ebl/K.7853/lines/K.7853__reverse__L14.jpg,K.7853__reverse,K.7853,NA,reverse,14,31,14',True,980.1,141,951,1116,1025,68.3,-2.61,1320,2622,1053,3615,4
samples/ebl/K.7853/lines/K.7853__reverse__L15.jpg,K.7853__reverse,K.7853,NA,reverse,15,31,15',True,1067.3,44,1025,1105,1109,68.3,-2.61,1320,2622,1053,3615,8
samples/ebl/K.7853/lines/K.7853__reverse__L16.jpg,K.7853__reverse,K.7853,NA,reverse,16,31,16',True,1151.0,299,1109,968,1183,68.3,-2.61,1320,2622,1053,3615,6
samples/ebl/K.7853/lines/K.7853__reverse__L17.jpg,K.7853__reverse,K.7853,NA,reverse,17,31,17',True,1216.9,260,1183,1037,1249,68.3,-2.61,1320,2622,1053,3615,8
samples/ebl/K.7853/lines/K.7853__reverse__L18.jpg,K.7853__reverse,K.7853,NA,reverse,18,31,18',True,1282.6,608,1249,890,1313,68.3,-2.61,1320,2622,1053,3615,2
samples/ebl/K.7853/lines/K.7853__reverse__L19.jpg,K.7853__reverse,K.7853,NA,reverse,19,31,19',True,1344.3,300,1313,443,1375,68.3,-2.61,1320,2622,1053,3615,1
samples/ebl/K.7853/lines/K.7853__reverse__L20.jpg,K.7853__reverse,K.7853,NA,reverse,20,31,20',True,1407.5,327,1375,972,1450,68.3,-2.61,1320,2622,1053,3615,5
samples/ebl/K.7853/lines/K.7853__reverse__L21.jpg,K.7853__reverse,K.7853,NA,reverse,21,31,21',True,1496.8,480,1450,981,1547,68.3,-2.61,1320,2622,1053,3615,4
samples/ebl/K.7853/lines/K.7853__reverse__L22.jpg,K.7853__reverse,K.7853,NA,reverse,22,31,22',True,1599.5,866,1547,1152,1644,68.3,-2.61,1320,2622,1053,3615,2
samples/ebl/K.7853/lines/K.7853__reverse__L23.jpg,K.7853__reverse,K.7853,NA,reverse,23,31,23',True,1689.5,731,1644,1137,1739,68.3,-2.61,1320,2622,1053,3615,4
samples/ebl/K.7853/lines/K.7853__reverse__L24.jpg,K.7853__reverse,K.7853,NA,reverse,24,31,24',True,1790.2,821,1739,1176,1835,68.3,-2.61,1320,2622,1053,3615,2
samples/ebl/K.7853/lines/K.7853__reverse__L25.jpg,K.7853__reverse,K.7853,NA,reverse,25,31,25',True,1880.2,782,1835,1170,1915,68.3,-2.61,1320,2622,1053,3615,2
samples/ebl/K.7853/lines/K.7853__reverse__L26.jpg,K.7853__reverse,K.7853,NA,reverse,26,31,26',True,1951.0,44,1915,1246,1986,68.3,-2.61,1320,2622,1053,3615,0
samples/ebl/K.7853/lines/K.7853__reverse__L27.jpg,K.7853__reverse,K.7853,NA,reverse,27,31,27',True,2021.7,44,1986,1246,2057,68.3,-2.61,1320,2622,1053,3615,0
samples/ebl/K.7853/lines/K.7853__reverse__L28.jpg,K.7853__reverse,K.7853,NA,reverse,28,31,28',True,2092.5,442,2057,1239,2141,68.3,-2.61,1320,2622,1053,3615,4
samples/ebl/K.7853/lines/K.7853__reverse__L29.jpg,K.7853__reverse,K.7853,NA,reverse,29,31,29',True,2202.1,691,2141,1226,2253,68.3,-2.61,1320,2622,1053,3615,3
samples/ebl/K.7853/lines/K.7853__reverse__L30.jpg,K.7853__reverse,K.7853,NA,reverse,30,31,30',True,2304.8,663,2253,1246,2356,68.3,-2.61,1320,2622,1053,3615,4
samples/ebl/K.7853/lines/K.7853__reverse__L31.jpg,K.7853__reverse,K.7853,NA,reverse,31,31,31',True,2415.6,773,2356,1231,2472,68.3,-2.61,1320,2622,1053,3615,3
samples/ebl/K.9654/lines/K.9654__obverse__L01.jpg,K.9654__obverse,K.9654,NA,obverse,1,11,1',True,121.7,825,75,962,157,77.6,-3.96,962,1064,740,152,2
samples/ebl/K.9654/lines/K.9654__obverse__L02.jpg,K.9654__obverse,K.9654,NA,obverse,2,11,2',True,192.8,670,157,955,229,77.6,-3.96,962,1064,740,152,2
samples/ebl/K.9654/lines/K.9654__obverse__L03.jpg,K.9654__obverse,K.9654,NA,obverse,3,11,3',True,265.3,696,229,855,305,77.6,-3.96,962,1064,740,152,1
samples/ebl/K.9654/lines/K.9654__obverse__L04.jpg,K.9654__obverse,K.9654,NA,obverse,4,11,4',True,344.8,468,305,919,391,77.6,-3.96,962,1064,740,152,3
samples/ebl/K.9654/lines/K.9654__obverse__L05.jpg,K.9654__obverse,K.9654,NA,obverse,5,11,5',True,437.9,287,391,922,479,77.6,-3.96,962,1064,740,152,6
samples/ebl/K.9654/lines/K.9654__obverse__L06.jpg,K.9654__obverse,K.9654,NA,obverse,6,11,6',True,521.2,267,479,939,557,77.6,-3.96,962,1064,740,152,4
samples/ebl/K.9654/lines/K.9654__obverse__L07.jpg,K.9654__obverse,K.9654,NA,obverse,7,11,7',True,593.5,349,557,933,631,77.6,-3.96,962,1064,740,152,4
samples/ebl/K.9654/lines/K.9654__obverse__L08.jpg,K.9654__obverse,K.9654,NA,obverse,8,11,8',True,668.6,380,631,917,706,77.6,-3.96,962,1064,740,152,3
samples/ebl/K.9654/lines/K.9654__obverse__L09.jpg,K.9654__obverse,K.9654,NA,obverse,9,11,9',True,744.4,253,706,912,787,77.6,-3.96,962,1064,740,152,5
samples/ebl/K.9654/lines/K.9654__obverse__L10.jpg,K.9654__obverse,K.9654,NA,obverse,10,11,10',True,830.5,314,787,899,870,77.6,-3.96,962,1064,740,152,4
samples/ebl/K.9654/lines/K.9654__obverse__L11.jpg,K.9654__obverse,K.9654,NA,obverse,11,11,11',True,910.3,253,870,878,981,77.6,-3.96,962,1064,740,152,3
samples/ebl/K.9654/lines/K.9654__reverse__L01.jpg,K.9654__reverse,K.9654,NA,reverse,1,14,1,True,176.3,499,118,928,211,74.5,-3.34,976,1186,751,1783,2
samples/ebl/K.9654/lines/K.9654__reverse__L02.jpg,K.9654__reverse,K.9654,NA,reverse,2,14,2,True,247.5,216,211,934,281,74.5,-3.34,976,1186,751,1783,4
samples/ebl/K.9654/lines/K.9654__reverse__L03.jpg,K.9654__reverse,K.9654,NA,reverse,3,14,3,True,315.6,162,281,944,350,74.5,-3.34,976,1186,751,1783,4
samples/ebl/K.9654/lines/K.9654__reverse__L04.jpg,K.9654__reverse,K.9654,NA,reverse,4,14,4,True,384.8,161,350,918,422,74.5,-3.34,976,1186,751,1783,5
samples/ebl/K.9654/lines/K.9654__reverse__L05.jpg,K.9654__reverse,K.9654,NA,reverse,5,14,5,True,460.8,73,422,910,499,74.5,-3.34,976,1186,751,1783,5
samples/ebl/K.9654/lines/K.9654__reverse__L06.jpg,K.9654__reverse,K.9654,NA,reverse,6,14,6,True,537.5,98,499,890,571,74.5,-3.34,976,1186,751,1783,5
samples/ebl/K.9654/lines/K.9654__reverse__L07.jpg,K.9654__reverse,K.9654,NA,reverse,7,14,7,True,605.7,29,571,905,639,74.5,-3.34,976,1186,751,1783,5
samples/ebl/K.9654/lines/K.9654__reverse__L08.jpg,K.9654__reverse,K.9654,NA,reverse,8,14,8,True,672.8,124,639,883,709,74.5,-3.34,976,1186,751,1783,3
samples/ebl/K.9654/lines/K.9654__reverse__L09.jpg,K.9654__reverse,K.9654,NA,reverse,9,14,9,True,745.8,242,709,871,784,74.5,-3.34,976,1186,751,1783,3
samples/ebl/K.9654/lines/K.9654__reverse__L10.jpg,K.9654__reverse,K.9654,NA,reverse,10,14,10,True,822.2,303,784,883,860,74.5,-3.34,976,1186,751,1783,4
samples/ebl/K.9654/lines/K.9654__reverse__L11.jpg,K.9654__reverse,K.9654,NA,reverse,11,14,11,True,898.5,382,860,877,938,74.5,-3.34,976,1186,751,1783,3
samples/ebl/K.9654/lines/K.9654__reverse__L12.jpg,K.9654__reverse,K.9654,NA,reverse,12,14,12,True,978.7,510,938,881,1019,74.5,-3.34,976,1186,751,1783,3
samples/ebl/K.9654/lines/K.9654__reverse__L13.jpg,K.9654__reverse,K.9654,NA,reverse,13,14,13,True,1059.3,639,1019,889,1099,74.5,-3.34,976,1186,751,1783,2
samples/ebl/K.9654/lines/K.9654__reverse__L14.jpg,K.9654__reverse,K.9654,NA,reverse,14,14,14,True,1133.8,702,1099,852,1171,74.5,-3.34,976,1186,751,1783,1
samples/ebl/K.9905/lines/K.9905__obverse__L01.jpg,K.9905__obverse,K.9905,NA,obverse,1,26,1',True,194.7,903,165,1035,222,57.0,-2.02,1046,1634,794,164,1
samples/ebl/K.9905/lines/K.9905__obverse__L02.jpg,K.9905__obverse,K.9905,NA,obverse,2,26,2',True,251.2,839,222,1031,278,57.0,-2.02,1046,1634,794,164,2
samples/ebl/K.9905/lines/K.9905__obverse__L03.jpg,K.9905__obverse,K.9905,NA,obverse,3,26,3',True,305.7,797,278,1021,329,57.0,-2.02,1046,1634,794,164,2
samples/ebl/K.9905/lines/K.9905__obverse__L04.jpg,K.9905__obverse,K.9905,NA,obverse,4,26,4',True,352.5,726,329,930,382,57.0,-2.02,1046,1634,794,164,2
samples/ebl/K.9905/lines/K.9905__obverse__L05.jpg,K.9905__obverse,K.9905,NA,obverse,5,26,5',True,411.8,211,382,1010,439,57.0,-2.02,1046,1634,794,164,8
samples/ebl/K.9905/lines/K.9905__obverse__L06.jpg,K.9905__obverse,K.9905,NA,obverse,6,26,6',True,467.1,103,439,986,494,57.0,-2.02,1046,1634,794,164,6
samples/ebl/K.9905/lines/K.9905__obverse__L07.jpg,K.9905__obverse,K.9905,NA,obverse,7,26,7',True,522.1,402,494,836,550,57.0,-2.02,1046,1634,794,164,2
samples/ebl/K.9905/lines/K.9905__obverse__L08.jpg,K.9905__obverse,K.9905,NA,obverse,8,26,8',True,578.6,400,550,968,603,57.0,-2.02,1046,1634,794,164,3
samples/ebl/K.9905/lines/K.9905__obverse__L09.jpg,K.9905__obverse,K.9905,NA,obverse,9,26,9',True,629.0,102,603,959,657,57.0,-2.02,1046,1634,794,164,4
samples/ebl/K.9905/lines/K.9905__obverse__L10.jpg,K.9905__obverse,K.9905,NA,obverse,10,26,10',True,685.9,95,657,954,713,57.0,-2.02,1046,1634,794,164,6
samples/ebl/K.9905/lines/K.9905__obverse__L11.jpg,K.9905__obverse,K.9905,NA,obverse,11,26,11',True,741.6,39,713,947,770,57.0,-2.02,1046,1634,794,164,5
samples/ebl/K.9905/lines/K.9905__obverse__L12.jpg,K.9905__obverse,K.9905,NA,obverse,12,26,12',True,799.8,100,770,954,827,57.0,-2.02,1046,1634,794,164,4
samples/ebl/K.9905/lines/K.9905__obverse__L13.jpg,K.9905__obverse,K.9905,NA,obverse,13,26,13',True,855.7,91,827,667,884,57.0,-2.02,1046,1634,794,164,6
samples/ebl/K.9905/lines/K.9905__obverse__L14.jpg,K.9905__obverse,K.9905,NA,obverse,14,26,14',True,914.1,67,884,779,944,57.0,-2.02,1046,1634,794,164,4
samples/ebl/K.9905/lines/K.9905__obverse__L15.jpg,K.9905__obverse,K.9905,NA,obverse,15,26,15',True,974.0,94,944,945,1004,57.0,-2.02,1046,1634,794,164,9
samples/ebl/K.9905/lines/K.9905__obverse__L16.jpg,K.9905__obverse,K.9905,NA,obverse,16,26,16',True,1035.8,358,1004,741,1061,57.0,-2.02,1046,1634,794,164,2
samples/ebl/K.9905/lines/K.9905__obverse__L17.jpg,K.9905__obverse,K.9905,NA,obverse,17,26,17',True,1086.4,222,1061,930,1114,57.0,-2.02,1046,1634,794,164,5
samples/ebl/K.9905/lines/K.9905__obverse__L18.jpg,K.9905__obverse,K.9905,NA,obverse,18,26,18',True,1142.2,233,1114,925,1171,57.0,-2.02,1046,1634,794,164,5
samples/ebl/K.9905/lines/K.9905__obverse__L19.jpg,K.9905__obverse,K.9905,NA,obverse,19,26,19',True,1201.5,247,1171,907,1230,57.0,-2.02,1046,1634,794,164,4
samples/ebl/K.9905/lines/K.9905__obverse__L20.jpg,K.9905__obverse,K.9905,NA,obverse,20,26,20',True,1258.5,241,1230,907,1287,57.0,-2.02,1046,1634,794,164,4
samples/ebl/K.9905/lines/K.9905__obverse__L21.jpg,K.9905__obverse,K.9905,NA,obverse,21,26,21',True,1317.0,174,1287,891,1349,57.0,-2.02,1046,1634,794,164,4
samples/ebl/K.9905/lines/K.9905__obverse__L22.jpg,K.9905__obverse,K.9905,NA,obverse,22,26,22',True,1382.7,179,1349,742,1415,57.0,-2.02,1046,1634,794,164,4
samples/ebl/K.9905/lines/K.9905__obverse__L23.jpg,K.9905__obverse,K.9905,NA,obverse,23,26,23',True,1448.3,193,1415,794,1479,57.0,-2.02,1046,1634,794,164,6
samples/ebl/K.9905/lines/K.9905__obverse__L24.jpg,K.9905__obverse,K.9905,NA,obverse,24,26,24',True,1509.9,488,1479,620,1538,57.0,-2.02,1046,1634,794,164,1
samples/ebl/K.9905/lines/K.9905__obverse__L25.jpg,K.9905__obverse,K.9905,NA,obverse,25,26,25',True,1568.0,453,1538,586,1596,57.0,-2.02,1046,1634,794,164,1
samples/ebl/K.9905/lines/K.9905__obverse__L26.jpg,K.9905__obverse,K.9905,NA,obverse,26,26,26',True,1625.0,39,1596,1035,1634,57.0,-2.02,1046,1634,794,164,0
samples/ebl/K.9905/lines/K.9905__reverse__L01.jpg,K.9905__reverse,K.9905,NA,reverse,1,15,1',True,657.4,682,625,815,690,61.7,5.18,950,1676,815,2465,1
samples/ebl/K.9905/lines/K.9905__reverse__L02.jpg,K.9905__reverse,K.9905,NA,reverse,2,15,2',True,723.7,679,690,812,754,61.7,5.18,950,1676,815,2465,1
samples/ebl/K.9905/lines/K.9905__reverse__L03.jpg,K.9905__reverse,K.9905,NA,reverse,3,15,3',True,785.4,683,754,816,813,61.7,5.18,950,1676,815,2465,1
samples/ebl/K.9905/lines/K.9905__reverse__L04.jpg,K.9905__reverse,K.9905,NA,reverse,4,15,4',True,858.0,602,813,829,890,61.7,5.18,950,1676,815,2465,2
samples/ebl/K.9905/lines/K.9905__reverse__L05.jpg,K.9905__reverse,K.9905,NA,reverse,5,15,5',True,922.6,579,890,803,953,61.7,5.18,950,1676,815,2465,2
samples/ebl/K.9905/lines/K.9905__reverse__L06.jpg,K.9905__reverse,K.9905,NA,reverse,6,15,6',True,984.4,670,953,803,1014,61.7,5.18,950,1676,815,2465,1
samples/ebl/K.9905/lines/K.9905__reverse__L07.jpg,K.9905__reverse,K.9905,NA,reverse,7,15,7',True,1044.1,655,1014,788,1074,61.7,5.18,950,1676,815,2465,1
samples/ebl/K.9905/lines/K.9905__reverse__L08.jpg,K.9905__reverse,K.9905,NA,reverse,8,15,8',True,1104.3,664,1074,797,1136,61.7,5.18,950,1676,815,2465,1
samples/ebl/K.9905/lines/K.9905__reverse__L09.jpg,K.9905__reverse,K.9905,NA,reverse,9,15,9',True,1169.6,587,1136,804,1200,61.7,5.18,950,1676,815,2465,2
samples/ebl/K.9905/lines/K.9905__reverse__L10.jpg,K.9905__reverse,K.9905,NA,reverse,10,15,10',True,1231.5,671,1200,804,1263,61.7,5.18,950,1676,815,2465,1
samples/ebl/K.9905/lines/K.9905__reverse__L11.jpg,K.9905__reverse,K.9905,NA,reverse,11,15,11',True,1296.3,673,1263,806,1324,61.7,5.18,950,1676,815,2465,1
samples/ebl/K.9905/lines/K.9905__reverse__L12.jpg,K.9905__reverse,K.9905,NA,reverse,12,15,12',True,1351.7,675,1324,808,1380,61.7,5.18,950,1676,815,2465,1
samples/ebl/K.9905/lines/K.9905__reverse__L13.jpg,K.9905__reverse,K.9905,NA,reverse,13,15,13',True,1409.2,681,1380,814,1439,61.7,5.18,950,1676,815,2465,1
samples/ebl/K.9905/lines/K.9905__reverse__L14.jpg,K.9905__reverse,K.9905,NA,reverse,14,15,14',True,1468.8,693,1439,826,1495,61.7,5.18,950,1676,815,2465,2
samples/ebl/K.9905/lines/K.9905__reverse__L15.jpg,K.9905__reverse,K.9905,NA,reverse,15,15,15',True,1522.0,710,1495,843,1553,61.7,5.18,950,1676,815,2465,1
samples/ebl/NBC.7278/lines/NBC.7278__obverse__L01.jpg,NBC.7278__obverse,NBC.7278,OB,obverse,1,18,1,True,394.3,605,227,2503,495,222.1,-2.98,2632,4882,1789,1381,6
samples/ebl/NBC.7278/lines/NBC.7278__obverse__L02.jpg,NBC.7278__obverse,NBC.7278,OB,obverse,2,18,2,True,596.9,272,495,2522,703,222.1,-2.98,2632,4882,1789,1381,5
samples/ebl/NBC.7278/lines/NBC.7278__obverse__L03.jpg,NBC.7278__obverse,NBC.7278,OB,obverse,3,18,3,True,810.8,203,703,2292,923,222.1,-2.98,2632,4882,1789,1381,6
samples/ebl/NBC.7278/lines/NBC.7278__obverse__L04.jpg,NBC.7278__obverse,NBC.7278,OB,obverse,4,18,4,True,1036.1,127,923,2632,1150,222.1,-2.98,2632,4882,1789,1381,9
samples/ebl/NBC.7278/lines/NBC.7278__obverse__L05.jpg,NBC.7278__obverse,NBC.7278,OB,obverse,5,18,5,True,1265.6,86,1150,2491,1373,222.1,-2.98,2632,4882,1789,1381,6
samples/ebl/NBC.7278/lines/NBC.7278__obverse__L06.jpg,NBC.7278__obverse,NBC.7278,OB,obverse,6,18,6,True,1481.7,107,1373,2501,1576,222.1,-2.98,2632,4882,1789,1381,8
samples/ebl/NBC.7278/lines/NBC.7278__obverse__L07.jpg,NBC.7278__obverse,NBC.7278,OB,obverse,7,18,7,True,1670.3,431,1576,2608,1769,222.1,-2.98,2632,4882,1789,1381,5
samples/ebl/NBC.7278/lines/NBC.7278__obverse__L08.jpg,NBC.7278__obverse,NBC.7278,OB,obverse,8,18,8,True,1867.9,509,1769,2603,2006,222.1,-2.98,2632,4882,1789,1381,7
samples/ebl/NBC.7278/lines/NBC.7278__obverse__L09.jpg,NBC.7278__obverse,NBC.7278,OB,obverse,9,18,9,True,2145.6,60,2006,2588,2227,222.1,-2.98,2632,4882,1789,1381,10
samples/ebl/NBC.7278/lines/NBC.7278__obverse__L10.jpg,NBC.7278__obverse,NBC.7278,OB,obverse,10,18,10,True,2310.2,8,2227,1719,2404,222.1,-2.98,2632,4882,1789,1381,5
samples/ebl/NBC.7278/lines/NBC.7278__obverse__L11.jpg,NBC.7278__obverse,NBC.7278,OB,obverse,11,18,11,True,2498.6,589,2404,2445,2628,222.1,-2.98,2632,4882,1789,1381,6
samples/ebl/NBC.7278/lines/NBC.7278__obverse__L12.jpg,NBC.7278__obverse,NBC.7278,OB,obverse,12,18,12,True,2758.6,104,2628,2289,2880,222.1,-2.98,2632,4882,1789,1381,3
samples/ebl/NBC.7278/lines/NBC.7278__obverse__L13.jpg,NBC.7278__obverse,NBC.7278,OB,obverse,13,18,13,True,3002.5,166,2880,2539,3204,222.1,-2.98,2632,4882,1789,1381,4
samples/ebl/NBC.7278/lines/NBC.7278__obverse__L14.jpg,NBC.7278__obverse,NBC.7278,OB,obverse,14,18,14,True,3327.2,1970,3204,2402,3442,222.1,-2.98,2632,4882,1789,1381,1
samples/ebl/NBC.7278/lines/NBC.7278__obverse__L15.jpg,NBC.7278__obverse,NBC.7278,OB,obverse,15,18,15,True,3627.1,48,3442,2400,3758,222.1,-2.98,2632,4882,1789,1381,4
samples/ebl/NBC.7278/lines/NBC.7278__obverse__L16.jpg,NBC.7278__obverse,NBC.7278,OB,obverse,16,18,16,True,3890.3,518,3758,2344,4001,222.1,-2.98,2632,4882,1789,1381,5
samples/ebl/NBC.7278/lines/NBC.7278__obverse__L17.jpg,NBC.7278__obverse,NBC.7278,OB,obverse,17,18,17,True,4112.4,505,4001,2215,4215,222.1,-2.98,2632,4882,1789,1381,5
samples/ebl/NBC.7278/lines/NBC.7278__obverse__L18.jpg,NBC.7278__obverse,NBC.7278,OB,obverse,18,18,18,True,4318.9,14,4215,2179,4496,222.1,-2.98,2632,4882,1789,1381,5
samples/ebl/NBC.7278/lines/NBC.7278__reverse__L01.jpg,NBC.7278__reverse,NBC.7278,OB,reverse,1,7,1,True,231.2,229,90,2598,307,229.6,-3.02,2620,4840,1813,7435,6
samples/ebl/NBC.7278/lines/NBC.7278__reverse__L02.jpg,NBC.7278__reverse,NBC.7278,OB,reverse,2,7,2,True,383.0,230,307,2620,475,229.6,-3.02,2620,4840,1813,7435,6
samples/ebl/NBC.7278/lines/NBC.7278__reverse__L03.jpg,NBC.7278__reverse,NBC.7278,OB,reverse,3,7,3,True,568.6,221,475,2392,685,229.6,-3.02,2620,4840,1813,7435,2
samples/ebl/NBC.7278/lines/NBC.7278__reverse__L04.jpg,NBC.7278__reverse,NBC.7278,OB,reverse,4,7,4,True,802.7,217,685,2518,915,229.6,-3.02,2620,4840,1813,7435,6
samples/ebl/NBC.7278/lines/NBC.7278__reverse__L05.jpg,NBC.7278__reverse,NBC.7278,OB,reverse,5,7,5,True,1027.8,192,915,2473,2582,229.6,-3.02,2620,4840,1813,7435,4
samples/ebl/NBC.7278/lines/NBC.7278__reverse__L06.jpg,NBC.7278__reverse,NBC.7278,OB,reverse,6,7,6,True,4181.6,0,2582,2221,4323,229.6,-3.02,2620,4840,1813,7435,7
samples/ebl/NBC.7278/lines/NBC.7278__reverse__L07.jpg,NBC.7278__reverse,NBC.7278,OB,reverse,7,7,7,True,4465.1,50,4323,1928,4651,229.6,-3.02,2620,4840,1813,7435,4
samples/ebl/YBC.13099/lines/YBC.13099__bottom__L01.jpg,YBC.13099__bottom,YBC.13099,OB,bottom,1,1,6,True,628.2,163,475,1883,1031,479.7,-7.07,2146,1594,1885,2833,5
samples/ebl/YBC.13099/lines/YBC.13099__obverse__L01.jpg,YBC.13099__obverse,YBC.13099,OB,obverse,1,5,1,True,493.3,168,288,1838,661,286.5,-4.08,1838,1976,2039,1163,4
samples/ebl/YBC.13099/lines/YBC.13099__obverse__L02.jpg,YBC.13099__obverse,YBC.13099,OB,obverse,2,5,2,True,829.0,166,661,1724,983,286.5,-4.08,1838,1976,2039,1163,4
samples/ebl/YBC.13099/lines/YBC.13099__obverse__L03.jpg,YBC.13099__obverse,YBC.13099,OB,obverse,3,5,3,True,1138.9,114,983,1773,1270,286.5,-4.08,1838,1976,2039,1163,3
samples/ebl/YBC.13099/lines/YBC.13099__obverse__L04.jpg,YBC.13099__obverse,YBC.13099,OB,obverse,4,5,4,True,1401.6,43,1270,1659,1533,286.5,-4.08,1838,1976,2039,1163,3
samples/ebl/YBC.13099/lines/YBC.13099__obverse__L05.jpg,YBC.13099__obverse,YBC.13099,OB,obverse,5,5,5,True,1664.7,107,1533,1464,1862,286.5,-4.08,1838,1976,2039,1163,4
samples/ebl/YBC.13099/lines/YBC.13099__reverse__L01.jpg,YBC.13099__reverse,YBC.13099,OB,reverse,1,6,1,True,379.7,365,189,1619,530,235.2,-4.15,1782,1908,2064,4152,4
samples/ebl/YBC.13099/lines/YBC.13099__reverse__L02.jpg,YBC.13099__reverse,YBC.13099,OB,reverse,2,6,2,True,681.1,122,530,1575,798,235.2,-4.15,1782,1908,2064,4152,6
samples/ebl/YBC.13099/lines/YBC.13099__reverse__L03.jpg,YBC.13099__reverse,YBC.13099,OB,reverse,3,6,3,True,916.3,135,798,1672,1038,235.2,-4.15,1782,1908,2064,4152,5
samples/ebl/YBC.13099/lines/YBC.13099__reverse__L04.jpg,YBC.13099__reverse,YBC.13099,OB,reverse,4,6,4,True,1161.4,79,1038,1686,1257,235.2,-4.15,1782,1908,2064,4152,5
samples/ebl/YBC.13099/lines/YBC.13099__reverse__L05.jpg,YBC.13099__reverse,YBC.13099,OB,reverse,5,6,5,True,1354.2,239,1257,1718,1458,235.2,-4.15,1782,1908,2064,4152,5
samples/ebl/YBC.13099/lines/YBC.13099__reverse__L06.jpg,YBC.13099__reverse,YBC.13099,OB,reverse,6,6,6,True,1563.7,22,1458,1640,1739,235.2,-4.15,1782,1908,2064,4152,7
samples/ebl/YBC.13099/lines/YBC.13099__top__L01.jpg,YBC.13099__top,YBC.13099,OB,top,1,2,7,True,553.9,228,370,1955,708,308.9,0.33,1990,1390,1960,10,6
samples/ebl/YBC.13099/lines/YBC.13099__top__L02.jpg,YBC.13099__top,YBC.13099,OB,top,2,2,8,True,862.8,724,708,1338,1020,308.9,0.33,1990,1390,1960,10,1
samples/ebl/YBC.4590/lines/YBC.4590__obverse__L01.jpg,YBC.4590__obverse,YBC.4590,OB,obverse,1,18,1,True,225.0,416,68,1354,346,233.3,-4.71,2724,4458,1818,1362,3
samples/ebl/YBC.4590/lines/YBC.4590__obverse__L02.jpg,YBC.4590__obverse,YBC.4590,OB,obverse,2,18,2,True,467.2,159,346,1241,587,233.3,-4.71,2724,4458,1818,1362,5
samples/ebl/YBC.4590/lines/YBC.4590__obverse__L03.jpg,YBC.4590__obverse,YBC.4590,OB,obverse,3,18,3,True,708.2,513,587,1755,820,233.3,-4.71,2724,4458,1818,1362,6
samples/ebl/YBC.4590/lines/YBC.4590__obverse__L04.jpg,YBC.4590__obverse,YBC.4590,OB,obverse,4,18,4,True,933.2,85,820,962,1043,233.3,-4.71,2724,4458,1818,1362,5
samples/ebl/YBC.4590/lines/YBC.4590__obverse__L05.jpg,YBC.4590__obverse,YBC.4590,OB,obverse,5,18,5,True,1154.4,74,1043,1946,1275,233.3,-4.71,2724,4458,1818,1362,6
samples/ebl/YBC.4590/lines/YBC.4590__obverse__L06.jpg,YBC.4590__obverse,YBC.4590,OB,obverse,6,18,6,True,1397.2,727,1275,1193,1517,233.3,-4.71,2724,4458,1818,1362,1
samples/ebl/YBC.4590/lines/YBC.4590__obverse__L07.jpg,YBC.4590__obverse,YBC.4590,OB,obverse,7,18,7,True,1637.5,449,1517,1375,1752,233.3,-4.71,2724,4458,1818,1362,2
samples/ebl/YBC.4590/lines/YBC.4590__obverse__L08.jpg,YBC.4590__obverse,YBC.4590,OB,obverse,8,18,8,True,1867.5,663,1752,1522,2003,233.3,-4.71,2724,4458,1818,1362,4
samples/ebl/YBC.4590/lines/YBC.4590__obverse__L09.jpg,YBC.4590__obverse,YBC.4590,OB,obverse,9,18,9,True,2140.4,261,2003,1116,2239,233.3,-4.71,2724,4458,1818,1362,4
samples/ebl/YBC.4590/lines/YBC.4590__obverse__L10.jpg,YBC.4590__obverse,YBC.4590,OB,obverse,10,18,10,True,2339.0,804,2239,1707,2453,233.3,-4.71,2724,4458,1818,1362,3
samples/ebl/YBC.4590/lines/YBC.4590__obverse__L11.jpg,YBC.4590__obverse,YBC.4590,OB,obverse,11,18,11,True,2567.1,43,2453,1483,2698,233.3,-4.71,2724,4458,1818,1362,2
samples/ebl/YBC.4590/lines/YBC.4590__obverse__L12.jpg,YBC.4590__obverse,YBC.4590,OB,obverse,12,18,12,True,2830.4,25,2698,857,2936,233.3,-4.71,2724,4458,1818,1362,3
samples/ebl/YBC.4590/lines/YBC.4590__obverse__L13.jpg,YBC.4590__obverse,YBC.4590,OB,obverse,13,18,13,True,3042.0,50,2936,1516,3149,233.3,-4.71,2724,4458,1818,1362,8
samples/ebl/YBC.4590/lines/YBC.4590__obverse__L14.jpg,YBC.4590__obverse,YBC.4590,OB,obverse,14,18,14,True,3257.4,0,3149,1617,3374,233.3,-4.71,2724,4458,1818,1362,7
samples/ebl/YBC.4590/lines/YBC.4590__obverse__L15.jpg,YBC.4590__obverse,YBC.4590,OB,obverse,15,18,15,True,3491.5,0,3374,1899,3622,233.3,-4.71,2724,4458,1818,1362,11
samples/ebl/YBC.4590/lines/YBC.4590__obverse__L16.jpg,YBC.4590__obverse,YBC.4590,OB,obverse,16,18,16,True,3753.8,0,3622,1635,3853,233.3,-4.71,2724,4458,1818,1362,4
samples/ebl/YBC.4590/lines/YBC.4590__obverse__L17.jpg,YBC.4590__obverse,YBC.4590,OB,obverse,17,18,17,True,3953.7,0,3853,2038,4070,233.3,-4.71,2724,4458,1818,1362,8
samples/ebl/YBC.4590/lines/YBC.4590__obverse__L18.jpg,YBC.4590__obverse,YBC.4590,OB,obverse,18,18,18,True,4187.0,92,4070,1463,4338,233.3,-4.71,2724,4458,1818,1362,5
samples/ebl/YBC.4590/lines/YBC.4590__reverse__L01.jpg,YBC.4590__reverse,YBC.4590,OB,reverse,1,12,1,True,307.4,151,8,2267,421,240.5,-6.73,2740,4468,1924,7054,13
samples/ebl/YBC.4590/lines/YBC.4590__reverse__L02.jpg,YBC.4590__reverse,YBC.4590,OB,reverse,2,12,2,True,534.9,555,421,2283,615,240.5,-6.73,2740,4468,1924,7054,6
samples/ebl/YBC.4590/lines/YBC.4590__reverse__L03.jpg,YBC.4590__reverse,YBC.4590,OB,reverse,3,12,3,True,695.5,106,615,2453,802,240.5,-6.73,2740,4468,1924,7054,7
samples/ebl/YBC.4590/lines/YBC.4590__reverse__L04.jpg,YBC.4590__reverse,YBC.4590,OB,reverse,4,12,4,True,909.7,118,802,2740,1020,240.5,-6.73,2740,4468,1924,7054,12
samples/ebl/YBC.4590/lines/YBC.4590__reverse__L05.jpg,YBC.4590__reverse,YBC.4590,OB,reverse,5,12,5,True,1131.1,145,1020,2254,1251,240.5,-6.73,2740,4468,1924,7054,9
samples/ebl/YBC.4590/lines/YBC.4590__reverse__L06.jpg,YBC.4590__reverse,YBC.4590,OB,reverse,6,12,6,True,1371.6,499,1251,2740,1470,240.5,-6.73,2740,4468,1924,7054,8
samples/ebl/YBC.4590/lines/YBC.4590__reverse__L07.jpg,YBC.4590__reverse,YBC.4590,OB,reverse,7,12,7,True,1570.3,88,1470,2634,1716,240.5,-6.73,2740,4468,1924,7054,9
samples/ebl/YBC.4590/lines/YBC.4590__reverse__L08.jpg,YBC.4590__reverse,YBC.4590,OB,reverse,8,12,8,True,1862.6,59,1716,2550,1985,240.5,-6.73,2740,4468,1924,7054,7
samples/ebl/YBC.4590/lines/YBC.4590__reverse__L09.jpg,YBC.4590__reverse,YBC.4590,OB,reverse,9,12,9,True,2107.8,17,1985,2491,2245,240.5,-6.73,2740,4468,1924,7054,9
samples/ebl/YBC.4590/lines/YBC.4590__reverse__L10.jpg,YBC.4590__reverse,YBC.4590,OB,reverse,10,12,10,True,2382.4,3,2245,2344,2667,240.5,-6.73,2740,4468,1924,7054,8
samples/ebl/YBC.4590/lines/YBC.4590__reverse__L11.jpg,YBC.4590__reverse,YBC.4590,OB,reverse,11,12,11,True,2974.4,412,2667,2654,3116,240.5,-6.73,2740,4468,1924,7054,6
samples/ebl/YBC.4590/lines/YBC.4590__reverse__L12.jpg,YBC.4590__reverse,YBC.4590,OB,reverse,12,12,12,True,3258.0,417,3116,2376,3482,240.5,-6.73,2740,4468,1924,7054,6
samples/ebl/YBC.5056/lines/YBC.5056__obverse__L01.jpg,YBC.5056__obverse,YBC.5056,OB,obverse,1,7,1,True,369.4,221,132,4034,493,304.0,-5.14,4164,2670,1404,1044,7
samples/ebl/YBC.5056/lines/YBC.5056__obverse__L02.jpg,YBC.5056__obverse,YBC.5056,OB,obverse,2,7,2,True,618.0,252,493,4093,784,304.0,-5.14,4164,2670,1404,1044,8
samples/ebl/YBC.5056/lines/YBC.5056__obverse__L03.jpg,YBC.5056__obverse,YBC.5056,OB,obverse,3,7,3,True,951.0,149,784,4164,1097,304.0,-5.14,4164,2670,1404,1044,9
samples/ebl/YBC.5056/lines/YBC.5056__obverse__L04.jpg,YBC.5056__obverse,YBC.5056,OB,obverse,4,7,4,True,1244.7,79,1097,4082,1398,304.0,-5.14,4164,2670,1404,1044,11
samples/ebl/YBC.5056/lines/YBC.5056__obverse__L05.jpg,YBC.5056__obverse,YBC.5056,OB,obverse,5,7,5,True,1552.2,205,1398,3908,1710,304.0,-5.14,4164,2670,1404,1044,7
samples/ebl/YBC.5056/lines/YBC.5056__obverse__L06.jpg,YBC.5056__obverse,YBC.5056,OB,obverse,6,7,6,True,1869.6,133,1710,3402,2019,304.0,-5.14,4164,2670,1404,1044,7
samples/ebl/YBC.5056/lines/YBC.5056__obverse__L07.jpg,YBC.5056__obverse,YBC.5056,OB,obverse,7,7,7,True,2170.1,297,2019,1456,2344,304.0,-5.14,4164,2670,1404,1044,2
samples/ebl/YBC.5056/lines/YBC.5056__reverse__L01.jpg,YBC.5056__reverse,YBC.5056,OB,reverse,1,5,1,True,347.5,161,188,3252,473,291.3,-4.94,4120,2608,1453,4555,7
samples/ebl/YBC.5056/lines/YBC.5056__reverse__L02.jpg,YBC.5056__reverse,YBC.5056,OB,reverse,2,5,2,True,600.4,137,473,3009,749,291.3,-4.94,4120,2608,1453,4555,6
samples/ebl/YBC.5056/lines/YBC.5056__reverse__L03.jpg,YBC.5056__reverse,YBC.5056,OB,reverse,3,5,3,True,899.1,38,749,3989,1046,291.3,-4.94,4120,2608,1453,4555,8
samples/ebl/YBC.5056/lines/YBC.5056__reverse__L04.jpg,YBC.5056__reverse,YBC.5056,OB,reverse,4,5,4,True,1193.9,73,1046,3908,1337,291.3,-4.94,4120,2608,1453,4555,4
samples/ebl/YBC.5056/lines/YBC.5056__reverse__L05.jpg,YBC.5056__reverse,YBC.5056,OB,reverse,5,5,5,True,1481.7,74,1337,3853,1687,291.3,-4.94,4120,2608,1453,4555,6
samples/ebl/YBC.5722/lines/YBC.5722__bottom__L01.jpg,YBC.5722__bottom,YBC.5722,OB,bottom,1,3,14,True,250.9,214,82,1965,369,286.7,-3.22,2152,1324,2287,4735,6
samples/ebl/YBC.5722/lines/YBC.5722__bottom__L02.jpg,YBC.5722__bottom,YBC.5722,OB,bottom,2,3,15,True,487.5,139,369,1783,655,286.7,-3.22,2152,1324,2287,4735,4
samples/ebl/YBC.5722/lines/YBC.5722__bottom__L03.jpg,YBC.5722__bottom,YBC.5722,OB,bottom,3,3,16,True,824.3,2,655,2034,1011,286.7,-3.22,2152,1324,2287,4735,8
samples/ebl/YBC.5722/lines/YBC.5722__obverse__L01.jpg,YBC.5722__obverse,YBC.5722,OB,obverse,1,13,1,True,310.9,169,126,1324,428,216.5,-5.08,2206,3388,2260,1372,3
samples/ebl/YBC.5722/lines/YBC.5722__obverse__L02.jpg,YBC.5722__obverse,YBC.5722,OB,obverse,2,13,2,True,545.1,213,428,1728,644,216.5,-5.08,2206,3388,2260,1372,4
samples/ebl/YBC.5722/lines/YBC.5722__obverse__L03.jpg,YBC.5722__obverse,YBC.5722,OB,obverse,3,13,3,True,744.3,189,644,1780,844,216.5,-5.08,2206,3388,2260,1372,5
samples/ebl/YBC.5722/lines/YBC.5722__obverse__L04.jpg,YBC.5722__obverse,YBC.5722,OB,obverse,4,13,4,True,945.6,166,844,1566,1048,216.5,-5.08,2206,3388,2260,1372,4
samples/ebl/YBC.5722/lines/YBC.5722__obverse__L05.jpg,YBC.5722__obverse,YBC.5722,OB,obverse,5,13,5,True,1151.0,143,1048,2151,1269,216.5,-5.08,2206,3388,2260,1372,7
samples/ebl/YBC.5722/lines/YBC.5722__obverse__L06.jpg,YBC.5722__obverse,YBC.5722,OB,obverse,6,13,6,True,1387.2,119,1269,2082,1496,216.5,-5.08,2206,3388,2260,1372,6
samples/ebl/YBC.5722/lines/YBC.5722__obverse__L07.jpg,YBC.5722__obverse,YBC.5722,OB,obverse,7,13,7,True,1605.2,112,1496,2094,1732,216.5,-5.08,2206,3388,2260,1372,7
samples/ebl/YBC.5722/lines/YBC.5722__obverse__L08.jpg,YBC.5722__obverse,YBC.5722,OB,obverse,8,13,8,True,1859.4,0,1732,2028,1966,216.5,-5.08,2206,3388,2260,1372,6
samples/ebl/YBC.5722/lines/YBC.5722__obverse__L09.jpg,YBC.5722__obverse,YBC.5722,OB,obverse,9,13,9,True,2074.4,158,1966,1941,2173,216.5,-5.08,2206,3388,2260,1372,3
samples/ebl/YBC.5722/lines/YBC.5722__obverse__L10.jpg,YBC.5722__obverse,YBC.5722,OB,obverse,10,13,10,True,2272.4,137,2173,1951,2381,216.5,-5.08,2206,3388,2260,1372,6
samples/ebl/YBC.5722/lines/YBC.5722__obverse__L11.jpg,YBC.5722__obverse,YBC.5722,OB,obverse,11,13,11,True,2490.4,74,2381,1820,2565,216.5,-5.08,2206,3388,2260,1372,3
samples/ebl/YBC.5722/lines/YBC.5722__obverse__L12.jpg,YBC.5722__obverse,YBC.5722,OB,obverse,12,13,12,True,2640.1,104,2565,1801,2766,216.5,-5.08,2206,3388,2260,1372,4
samples/ebl/YBC.5722/lines/YBC.5722__obverse__L13.jpg,YBC.5722__obverse,YBC.5722,OB,obverse,13,13,13,True,2893.0,0,2766,1946,3127,216.5,-5.08,2206,3388,2260,1372,8
samples/ebl/YBC.5722/lines/YBC.5722__reverse__L01.jpg,YBC.5722__reverse,YBC.5722,OB,reverse,1,16,1,True,107.4,439,0,1143,213,201.7,-4.17,2190,3378,2268,6054,2
samples/ebl/YBC.5722/lines/YBC.5722__reverse__L02.jpg,YBC.5722__reverse,YBC.5722,OB,reverse,2,16,2,True,319.9,135,213,2190,422,201.7,-4.17,2190,3378,2268,6054,9
samples/ebl/YBC.5722/lines/YBC.5722__reverse__L03.jpg,YBC.5722__reverse,YBC.5722,OB,reverse,3,16,3,True,525.1,324,422,1858,591,201.7,-4.17,2190,3378,2268,6054,5
samples/ebl/YBC.5722/lines/YBC.5722__reverse__L04.jpg,YBC.5722__reverse,YBC.5722,OB,reverse,4,16,4,True,657.4,89,591,2058,753,201.7,-4.17,2190,3378,2268,6054,5
samples/ebl/YBC.5722/lines/YBC.5722__reverse__L05.jpg,YBC.5722__reverse,YBC.5722,OB,reverse,5,16,5,True,849.4,61,753,2147,947,201.7,-4.17,2190,3378,2268,6054,4
samples/ebl/YBC.5722/lines/YBC.5722__reverse__L06.jpg,YBC.5722__reverse,YBC.5722,OB,reverse,6,16,6,True,1045.7,41,947,1985,1146,201.7,-4.17,2190,3378,2268,6054,5
samples/ebl/YBC.5722/lines/YBC.5722__reverse__L07.jpg,YBC.5722__reverse,YBC.5722,OB,reverse,7,16,7,True,1247.4,16,1146,2062,1342,201.7,-4.17,2190,3378,2268,6054,7
samples/ebl/YBC.5722/lines/YBC.5722__reverse__L08.jpg,YBC.5722__reverse,YBC.5722,OB,reverse,8,16,8,True,1438.1,0,1342,1972,1533,201.7,-4.17,2190,3378,2268,6054,7
samples/ebl/YBC.5722/lines/YBC.5722__reverse__L09.jpg,YBC.5722__reverse,YBC.5722,OB,reverse,9,16,9,True,1628.7,0,1533,1873,1734,201.7,-4.17,2190,3378,2268,6054,6
samples/ebl/YBC.5722/lines/YBC.5722__reverse__L10.jpg,YBC.5722__reverse,YBC.5722,OB,reverse,10,16,10,True,1841.1,0,1734,1838,1942,201.7,-4.17,2190,3378,2268,6054,6
samples/ebl/YBC.5722/lines/YBC.5722__reverse__L11.jpg,YBC.5722__reverse,YBC.5722,OB,reverse,11,16,11,True,2044.6,0,1942,1882,2132,201.7,-4.17,2190,3378,2268,6054,6
samples/ebl/YBC.5722/lines/YBC.5722__reverse__L12.jpg,YBC.5722__reverse,YBC.5722,OB,reverse,12,16,12,True,2221.1,0,2132,1993,2289,201.7,-4.17,2190,3378,2268,6054,3
samples/ebl/YBC.5722/lines/YBC.5722__reverse__L13.jpg,YBC.5722__reverse,YBC.5722,OB,reverse,13,16,13,True,2358.8,0,2289,1175,2462,201.7,-4.17,2190,3378,2268,6054,4
samples/ebl/YBC.5722/lines/YBC.5722__reverse__L14.jpg,YBC.5722__reverse,YBC.5722,OB,reverse,14,16,14,True,2566.0,0,2462,2169,2692,201.7,-4.17,2190,3378,2268,6054,6
samples/ebl/YBC.5722/lines/YBC.5722__reverse__L15.jpg,YBC.5722__reverse,YBC.5722,OB,reverse,15,16,15,True,2818.8,0,2692,1686,2940,201.7,-4.17,2190,3378,2268,6054,5
samples/ebl/YBC.5722/lines/YBC.5722__reverse__L16.jpg,YBC.5722__reverse,YBC.5722,OB,reverse,16,16,16,True,3061.9,30,2940,1081,3245,201.7,-4.17,2190,3378,2268,6054,2
samples/ebl/YBC.6236/lines/YBC.6236__bottom__tablet__L01.jpg,YBC.6236__bottom__tablet,YBC.6236,OB,bottom,1,3,14,True,637.7,247,417,1567,782,289.0,-5.67,2870,1928,1685,5603,3
samples/ebl/YBC.6236/lines/YBC.6236__bottom__tablet__L02.jpg,YBC.6236__bottom__tablet,YBC.6236,OB,bottom,2,3,15,True,926.7,236,782,2503,1071,289.0,-5.67,2870,1928,1685,5603,7
samples/ebl/YBC.6236/lines/YBC.6236__bottom__tablet__L03.jpg,YBC.6236__bottom__tablet,YBC.6236,OB,bottom,3,3,16,True,1215.7,236,1071,2503,1363,289.0,-5.67,2870,1928,1685,5603,0
samples/ebl/YBC.6236/lines/YBC.6236__obverse__tablet__L01.jpg,YBC.6236__obverse__tablet,YBC.6236,OB,obverse,1,13,1,True,467.6,160,305,1326,610,285.6,-2.17,2742,4374,1764,1506,2
samples/ebl/YBC.6236/lines/YBC.6236__obverse__tablet__L02.jpg,YBC.6236__obverse__tablet,YBC.6236,OB,obverse,2,13,2,True,753.3,171,610,1996,896,285.6,-2.17,2742,4374,1764,1506,10
samples/ebl/YBC.6236/lines/YBC.6236__obverse__tablet__L03.jpg,YBC.6236__obverse__tablet,YBC.6236,OB,obverse,3,13,3,True,1039.1,239,896,2434,1181,285.6,-2.17,2742,4374,1764,1506,6
samples/ebl/YBC.6236/lines/YBC.6236__obverse__tablet__L04.jpg,YBC.6236__obverse__tablet,YBC.6236,OB,obverse,4,13,4,True,1324.6,129,1181,2145,1455,285.6,-2.17,2742,4374,1764,1506,3
samples/ebl/YBC.6236/lines/YBC.6236__obverse__tablet__L05.jpg,YBC.6236__obverse__tablet,YBC.6236,OB,obverse,5,13,5,True,1585.4,142,1455,2288,1742,285.6,-2.17,2742,4374,1764,1506,5
samples/ebl/YBC.6236/lines/YBC.6236__obverse__tablet__L06.jpg,YBC.6236__obverse__tablet,YBC.6236,OB,obverse,6,13,6,True,1898.9,87,1742,2562,2055,285.6,-2.17,2742,4374,1764,1506,8
samples/ebl/YBC.6236/lines/YBC.6236__obverse__tablet__L07.jpg,YBC.6236__obverse__tablet,YBC.6236,OB,obverse,7,13,7,True,2211.8,115,2055,2553,2344,285.6,-2.17,2742,4374,1764,1506,6
samples/ebl/YBC.6236/lines/YBC.6236__obverse__tablet__L08.jpg,YBC.6236__obverse__tablet,YBC.6236,OB,obverse,8,13,8,True,2477.6,163,2344,1872,2606,285.6,-2.17,2742,4374,1764,1506,3
samples/ebl/YBC.6236/lines/YBC.6236__obverse__tablet__L09.jpg,YBC.6236__obverse__tablet,YBC.6236,OB,obverse,9,13,9,True,2734.6,118,2606,2283,2890,285.6,-2.17,2742,4374,1764,1506,6
samples/ebl/YBC.6236/lines/YBC.6236__obverse__tablet__L10.jpg,YBC.6236__obverse__tablet,YBC.6236,OB,obverse,10,13,10,True,3047.0,148,2890,1984,3189,285.6,-2.17,2742,4374,1764,1506,4
samples/ebl/YBC.6236/lines/YBC.6236__obverse__tablet__L11.jpg,YBC.6236__obverse__tablet,YBC.6236,OB,obverse,11,13,11,True,3331.8,123,3189,2059,3468,285.6,-2.17,2742,4374,1764,1506,6
samples/ebl/YBC.6236/lines/YBC.6236__obverse__tablet__L12.jpg,YBC.6236__obverse__tablet,YBC.6236,OB,obverse,12,13,12,True,3605.5,90,3468,2369,3748,285.6,-2.17,2742,4374,1764,1506,8
samples/ebl/YBC.6236/lines/YBC.6236__obverse__tablet__L13.jpg,YBC.6236__obverse__tablet,YBC.6236,OB,obverse,13,13,13,True,3891.6,582,3748,1903,4125,285.6,-2.17,2742,4374,1764,1506,3
samples/ebl/YBC.6236/lines/YBC.6236__reverse__tablet__L01.jpg,YBC.6236__reverse__tablet,YBC.6236,OB,reverse,1,13,1,True,373.9,527,192,1745,505,277.3,-4.39,2718,4404,1866,7242,3
samples/ebl/YBC.6236/lines/YBC.6236__reverse__tablet__L02.jpg,YBC.6236__reverse__tablet,YBC.6236,OB,reverse,2,13,2,True,636.6,148,505,2234,778,277.3,-4.39,2718,4404,1866,7242,5
samples/ebl/YBC.6236/lines/YBC.6236__reverse__tablet__L03.jpg,YBC.6236__reverse__tablet,YBC.6236,OB,reverse,3,13,3,True,920.8,79,778,2061,1044,277.3,-4.39,2718,4404,1866,7242,5
samples/ebl/YBC.6236/lines/YBC.6236__reverse__tablet__L04.jpg,YBC.6236__reverse__tablet,YBC.6236,OB,reverse,4,13,4,True,1168.7,72,1044,2663,1303,277.3,-4.39,2718,4404,1866,7242,4
samples/ebl/YBC.6236/lines/YBC.6236__reverse__tablet__L05.jpg,YBC.6236__reverse__tablet,YBC.6236,OB,reverse,5,13,5,True,1438.9,313,1303,2405,1623,277.3,-4.39,2718,4404,1866,7242,8
samples/ebl/YBC.6236/lines/YBC.6236__reverse__tablet__L06.jpg,YBC.6236__reverse__tablet,YBC.6236,OB,reverse,6,13,6,True,1807.7,22,1623,2487,1958,277.3,-4.39,2718,4404,1866,7242,7
samples/ebl/YBC.6236/lines/YBC.6236__reverse__tablet__L07.jpg,YBC.6236__reverse__tablet,YBC.6236,OB,reverse,7,13,7,True,2109.5,0,1958,2541,2241,277.3,-4.39,2718,4404,1866,7242,5
samples/ebl/YBC.6236/lines/YBC.6236__reverse__tablet__L08.jpg,YBC.6236__reverse__tablet,YBC.6236,OB,reverse,8,13,8,True,2373.0,0,2241,2577,2508,277.3,-4.39,2718,4404,1866,7242,8
samples/ebl/YBC.6236/lines/YBC.6236__reverse__tablet__L09.jpg,YBC.6236__reverse__tablet,YBC.6236,OB,reverse,9,13,9,True,2643.5,0,2508,1860,2743,277.3,-4.39,2718,4404,1866,7242,4
samples/ebl/YBC.6236/lines/YBC.6236__reverse__tablet__L10.jpg,YBC.6236__reverse__tablet,YBC.6236,OB,reverse,10,13,10,True,2844.4,0,2743,2272,3023,277.3,-4.39,2718,4404,1866,7242,4
samples/ebl/YBC.6236/lines/YBC.6236__reverse__tablet__L11.jpg,YBC.6236__reverse__tablet,YBC.6236,OB,reverse,11,13,11,True,3202.9,0,3023,2326,3385,277.3,-4.39,2718,4404,1866,7242,9
samples/ebl/YBC.6236/lines/YBC.6236__reverse__tablet__L12.jpg,YBC.6236__reverse__tablet,YBC.6236,OB,reverse,12,13,12,True,3568.2,204,3385,2064,3777,277.3,-4.39,2718,4404,1866,7242,3
samples/ebl/YBC.6236/lines/YBC.6236__reverse__tablet__L13.jpg,YBC.6236__reverse__tablet,YBC.6236,OB,reverse,13,13,13,True,3986.0,0,3777,2231,4213,277.3,-4.39,2718,4404,1866,7242,6
samples/ebl/YBC.7191/lines/YBC.7191__obverse__L01.jpg,YBC.7191__obverse,YBC.7191,OB,obverse,1,14,1,True,343.9,191,112,2418,472,263.8,-4.55,2418,4266,2196,1350,6
samples/ebl/YBC.7191/lines/YBC.7191__obverse__L02.jpg,YBC.7191__obverse,YBC.7191,OB,obverse,2,14,2,True,601.3,214,472,2410,737,263.8,-4.55,2418,4266,2196,1350,6
samples/ebl/YBC.7191/lines/YBC.7191__obverse__L03.jpg,YBC.7191__obverse,YBC.7191,OB,obverse,3,14,3,True,873.1,246,737,2418,981,263.8,-4.55,2418,4266,2196,1350,4
samples/ebl/YBC.7191/lines/YBC.7191__obverse__L04.jpg,YBC.7191__obverse,YBC.7191,OB,obverse,4,14,4,True,1090.1,654,981,2418,1184,263.8,-4.55,2418,4266,2196,1350,3
samples/ebl/YBC.7191/lines/YBC.7191__obverse__L05.jpg,YBC.7191__obverse,YBC.7191,OB,obverse,5,14,5,True,1278.3,90,1184,2418,1416,263.8,-4.55,2418,4266,2196,1350,4
samples/ebl/YBC.7191/lines/YBC.7191__obverse__L06.jpg,YBC.7191__obverse,YBC.7191,OB,obverse,6,14,6,True,1555.4,284,1416,2133,1700,263.8,-4.55,2418,4266,2196,1350,4
samples/ebl/YBC.7191/lines/YBC.7191__obverse__L07.jpg,YBC.7191__obverse,YBC.7191,OB,obverse,7,14,7,True,1846.0,35,1700,2378,1977,263.8,-4.55,2418,4266,2196,1350,4
samples/ebl/YBC.7191/lines/YBC.7191__obverse__L08.jpg,YBC.7191__obverse,YBC.7191,OB,obverse,8,14,8,True,2109.8,84,1977,2349,2308,263.8,-4.55,2418,4266,2196,1350,3
samples/ebl/YBC.7191/lines/YBC.7191__obverse__L09.jpg,YBC.7191__obverse,YBC.7191,OB,obverse,9,14,9,True,2506.2,0,2308,2361,2606,263.8,-4.55,2418,4266,2196,1350,3
samples/ebl/YBC.7191/lines/YBC.7191__obverse__L10.jpg,YBC.7191__obverse,YBC.7191,OB,obverse,10,14,10,True,2707.2,225,2606,2023,2839,263.8,-4.55,2418,4266,2196,1350,3
samples/ebl/YBC.7191/lines/YBC.7191__obverse__L11.jpg,YBC.7191__obverse,YBC.7191,OB,obverse,11,14,11,True,2970.9,298,2839,2062,3074,263.8,-4.55,2418,4266,2196,1350,5
samples/ebl/YBC.7191/lines/YBC.7191__obverse__L12.jpg,YBC.7191__obverse,YBC.7191,OB,obverse,12,14,12,True,3177.1,0,3074,2300,3326,263.8,-4.55,2418,4266,2196,1350,5
samples/ebl/YBC.7191/lines/YBC.7191__obverse__L13.jpg,YBC.7191__obverse,YBC.7191,OB,obverse,13,14,13,True,3474.9,69,3326,2121,3610,263.8,-4.55,2418,4266,2196,1350,5
samples/ebl/YBC.7191/lines/YBC.7191__obverse__L14.jpg,YBC.7191__obverse,YBC.7191,OB,obverse,14,14,14,True,3746.2,38,3610,2243,4026,263.8,-4.55,2418,4266,2196,1350,6
samples/ebl/YBC.7191/lines/YBC.7191__reverse__L01.jpg,YBC.7191__reverse,YBC.7191,OB,reverse,1,19,1,True,234.6,199,58,1947,346,213.8,-2.97,2386,4216,2215,6775,5
samples/ebl/YBC.7191/lines/YBC.7191__reverse__L02.jpg,YBC.7191__reverse,YBC.7191,OB,reverse,2,19,2,True,457.9,179,346,2250,521,213.8,-2.97,2386,4216,2215,6775,4
samples/ebl/YBC.7191/lines/YBC.7191__reverse__L03.jpg,YBC.7191__reverse,YBC.7191,OB,reverse,3,19,3,True,585.8,523,521,2293,686,213.8,-2.97,2386,4216,2215,6775,4
samples/ebl/YBC.7191/lines/YBC.7191__reverse__L04.jpg,YBC.7191__reverse,YBC.7191,OB,reverse,4,19,4,True,787.5,165,686,2333,889,213.8,-2.97,2386,4216,2215,6775,4
samples/ebl/YBC.7191/lines/YBC.7191__reverse__L05.jpg,YBC.7191__reverse,YBC.7191,OB,reverse,5,19,5,True,991.0,156,889,2348,1017,213.8,-2.97,2386,4216,2215,6775,4
samples/ebl/YBC.7191/lines/YBC.7191__reverse__L06.jpg,YBC.7191__reverse,YBC.7191,OB,reverse,6,19,6,True,1043.2,131,1017,1965,1147,213.8,-2.97,2386,4216,2215,6775,4
samples/ebl/YBC.7191/lines/YBC.7191__reverse__L07.jpg,YBC.7191__reverse,YBC.7191,OB,reverse,7,19,7,True,1251.0,772,1147,2330,1332,213.8,-2.97,2386,4216,2215,6775,4
samples/ebl/YBC.7191/lines/YBC.7191__reverse__L08.jpg,YBC.7191__reverse,YBC.7191,OB,reverse,8,19,8,True,1413.1,121,1332,2284,1498,213.8,-2.97,2386,4216,2215,6775,4
samples/ebl/YBC.7191/lines/YBC.7191__reverse__L09.jpg,YBC.7191__reverse,YBC.7191,OB,reverse,9,19,9,True,1584.6,96,1498,2257,1634,213.8,-2.97,2386,4216,2215,6775,2
samples/ebl/YBC.7191/lines/YBC.7191__reverse__L10.jpg,YBC.7191__reverse,YBC.7191,OB,reverse,10,19,10,True,1684.1,75,1634,1571,1792,213.8,-2.97,2386,4216,2215,6775,3
samples/ebl/YBC.7191/lines/YBC.7191__reverse__L11.jpg,YBC.7191__reverse,YBC.7191,OB,reverse,11,19,11,True,1900.6,752,1792,1616,2009,213.8,-2.97,2386,4216,2215,6775,2
samples/ebl/YBC.7191/lines/YBC.7191__reverse__L12.jpg,YBC.7191__reverse,YBC.7191,OB,reverse,12,19,12,True,2118.1,1486,2009,1978,2223,213.8,-2.97,2386,4216,2215,6775,1
samples/ebl/YBC.7191/lines/YBC.7191__reverse__L13.jpg,YBC.7191__reverse,YBC.7191,OB,reverse,13,19,13,True,2329.1,731,2223,2286,2441,213.8,-2.97,2386,4216,2215,6775,3
samples/ebl/YBC.7191/lines/YBC.7191__reverse__L14.jpg,YBC.7191__reverse,YBC.7191,OB,reverse,14,19,14,True,2554.7,916,2441,2332,2681,213.8,-2.97,2386,4216,2215,6775,4
samples/ebl/YBC.7191/lines/YBC.7191__reverse__L15.jpg,YBC.7191__reverse,YBC.7191,OB,reverse,15,19,15,True,2808.0,993,2681,1814,2919,213.8,-2.97,2386,4216,2215,6775,2
samples/ebl/YBC.7191/lines/YBC.7191__reverse__L16.jpg,YBC.7191__reverse,YBC.7191,OB,reverse,16,19,16,True,3031.4,618,2919,1962,3158,213.8,-2.97,2386,4216,2215,6775,3
samples/ebl/YBC.7191/lines/YBC.7191__reverse__L17.jpg,YBC.7191__reverse,YBC.7191,OB,reverse,17,19,17,True,3285.0,989,3158,2204,3482,213.8,-2.97,2386,4216,2215,6775,5
samples/ebl/YBC.7191/lines/YBC.7191__reverse__L18.jpg,YBC.7191__reverse,YBC.7191,OB,reverse,18,19,18,True,3679.2,0,3482,2126,3794,213.8,-2.97,2386,4216,2215,6775,7
samples/ebl/YBC.7191/lines/YBC.7191__reverse__L19.jpg,YBC.7191__reverse,YBC.7191,OB,reverse,19,19,19,True,3909.2,342,3794,2266,4115,213.8,-2.97,2386,4216,2215,6775,8
