face,split,bucket
"1868,0523.2__face",tune,NA/mid
"1879,0708.232__obverse",test,NA/mid
"1879,0708.31__obverse",tune,NA/lo
"1879,0708.86__obverse",tune,NA/mid
"1879,0708.86__reverse",test,NA/mid
"1880,0719.127__reverse",test,NA/lo
"1880,0719.194__face",tune,NA/mid
"1880,0719.277__reverse",test,NA/lo
"1880,0719.281__obverse",tune,NA/mid
"1880,0719.281__reverse",tune,NA/mid
"1881,0204.249__reverse",test,NA/lo
"1881,0204.303__face",test,NA/lo
"1882,0323.102__face",tune,NA/mid
"1882,0323.77__face",tune,NA/lo
"1882,0522.1777__face",test,NA/lo
"1882,0522.538__face",tune,NA/lo
"1882,0522.552__reverse",tune,NA/hi
"1883,0118.468__face",tune,NA/lo
"1883,0118.694__face",tune,NA/lo
2NT.529__obverse,test,OB/hi
3NT.442__reverse,test,OB/mid
AO.7482__face,test,NA/lo
AO.9073__obverse,test,NA/mid
AO.9073__reverse,test,NA/hi
BM.109168__obverse,tune,OB/mid
BM.109168__reverse,test,OB/lo
BM.121042__face,test,NA/mid
BM.121131.A__face,tune,NA/lo
BM.122647__obverse,test,NA/lo
BM.122647__reverse,tune,NA/lo
BM.123379__obverse,tune,NA/mid
BM.131460__face,tune,OB/mid
BM.131470__obverse,tune,OB/mid
BM.131470__reverse,test,OB/hi
BM.131470__top,tune,OB/mid
BM.131481__face,tune,OB/mid
BM.132591__reverse,test,NA/lo
BM.134811__obverse,test,NA/mid
BM.141781__obverse,test,NA/mid
BM.33161__obverse,test,OB/lo
BM.33161__obverse__tablet,test,OB/mid
BM.33161__reverse__tablet,tune,OB/mid
BM.38325__obverse,test,OB/hi
BM.38325__reverse,test,OB/hi
BM.38765__obverse,tune,OB/hi
BM.39805__face,tune,OB/hi
BM.40955__obverse,tune,OB/hi
BM.42260__obverse,test,OB/mid
BM.42260__reverse,tune,OB/lo
BM.42263__edge,tune,OB/mid
BM.42263__obverse,test,OB/mid
BM.42263__reverse,tune,OB/mid
BM.42264__edge,test,OB/hi
BM.42264__obverse,test,OB/mid
BM.42264__reverse,test,OB/hi
BM.42266__obverse,test,OB/hi
BM.42321__edge,test,OB/mid
BM.42321__obverse,test,OB/mid
BM.42321__reverse,tune,OB/lo
BM.43194__face,tune,OB/mid
BM.43204__face,test,OB/mid
BM.43731__edge,tune,OB/lo
BM.43731__obverse,tune,OB/hi
BM.43802__reverse,test,OB/mid
BM.46918__obverse,tune,OB/hi
BM.46918__reverse,tune,OB/lo
BM.46918__top,test,OB/lo
BM.47339__face,test,OB/hi
BM.48430__obverse,test,OB/hi
BM.48430__reverse,test,OB/hi
CBS.112__obverse,tune,OB/hi
CBS.112__reverse,test,OB/hi
CBS.1384__obverse,tune,OB/hi
CBS.1384__reverse,tune,OB/hi
CBS.14054__reverse,tune,OB/hi
CBS.1422__obverse,test,OB/hi
CBS.1422__reverse,test,OB/lo
CBS.1470__obverse,test,NA/hi
CBS.1470__reverse,tune,NA/hi
CBS.1490__bottom,test,NA/hi
CBS.1490__obverse,test,NA/hi
CBS.1490__reverse,test,NA/hi
CBS.15049__obverse,test,OB/lo
CBS.1516__obverse,tune,NA/hi
CBS.1516__reverse,tune,NA/hi
CBS.1554__obverse,tune,OB/lo
CBS.1554__reverse,tune,OB/hi
CBS.156__obverse,test,OB/hi
CBS.156__reverse,test,OB/hi
CBS.1596__obverse,test,OB/lo
CBS.1601__obverse,test,OB/lo
CBS.1601__reverse,tune,OB/lo
CBS.2249__obverse,tune,OB/lo
CBS.3656__obverse,test,OB/hi
CBS.3656__reverse,test,OB/lo
CBS.516__bottom,tune,OB/lo
CBS.516__obverse,test,OB/hi
CBS.6510__obverse,tune,OB/lo
CBS.9857__obverse,test,OB/mid
CBS.9857__reverse,test,OB/lo
DT.144__reverse,test,NA/lo
DT.180__obverse,test,NA/lo
DT.294__reverse,test,NA/lo
DT.42__face,test,NA/lo
DT.57__obverse,tune,NA/lo
DT.57__reverse,tune,NA/lo
DT.67__obverse,test,NA/lo
DT.67__reverse,test,NA/mid
HS.1342__obverse,tune,OB/hi
HS.1342__reverse,test,OB/hi
HS.1377.A__obverse,tune,OB/hi
HS.1377.A__reverse,tune,OB/mid
HS.1377.B__obverse,test,OB/hi
HS.1443__reverse,tune,OB/mid
HS.1504__obverse,tune,OB/mid
HS.1709__obverse,test,OB/hi
HS.2016__bottom,test,OB/lo
HS.2016__obverse,tune,OB/hi
HS.2017__obverse,tune,OB/mid
HS.2017__reverse,test,OB/mid
HS.2017__top,test,OB/lo
HS.2018__obverse,test,OB/mid
HS.2018__reverse,test,OB/mid
HS.2018__top,tune,OB/lo
HS.2019__obverse,tune,OB/mid
HS.2019__reverse,test,OB/hi
HS.2019__top,test,OB/hi
HS.2020__obverse,test,OB/hi
HS.2020__reverse,tune,OB/mid
HS.2020__top,test,OB/lo
HS.2021__reverse,test,OB/mid
HS.2022__obverse,test,OB/hi
HS.2022__reverse,tune,OB/hi
HS.2022__top,test,OB/lo
HS.2023__obverse,test,OB/mid
HS.2023__reverse,tune,OB/mid
HS.2023__top,test,OB/lo
HS.2025__obverse,test,OB/mid
HS.2025__reverse,tune,OB/hi
HS.2026__obverse,tune,OB/mid
HS.2026__reverse,tune,OB/hi
HS.2027__obverse,test,OB/mid
HS.2027__reverse,tune,OB/hi
HS.2027__top,tune,OB/lo
HS.2028__obverse,test,OB/mid
HS.2028__reverse,tune,OB/mid
HS.2030__obverse,test,OB/mid
HS.2030__reverse,test,OB/mid
HS.2030__top,test,OB/mid
HS.2031__obverse,tune,OB/mid
HS.2031__reverse,test,OB/mid
HS.2032__obverse,test,OB/mid
HS.2032__reverse,test,OB/lo
HS.2033__obverse,test,OB/mid
HS.2033__reverse,test,OB/hi
HS.2033__top,test,OB/lo
HS.2034__obverse,test,OB/mid
HS.2034__reverse,test,OB/hi
HS.2034__top,test,OB/lo
HS.2035__obverse,tune,OB/hi
HS.2035__reverse,test,OB/hi
HS.2035__top,tune,OB/lo
HS.2036__obverse,test,OB/mid
HS.2036__reverse,tune,OB/mid
HS.2036__top,test,OB/lo
HS.2037__obverse,test,OB/hi
HS.2037__reverse,tune,OB/hi
HS.2038__obverse,tune,OB/mid
HS.2038__reverse,tune,OB/lo
HS.2039__obverse,test,OB/mid
HS.2039__reverse,test,OB/mid
HS.2040__obverse,tune,OB/mid
HS.2040__reverse,test,OB/mid
HS.2041__obverse,tune,OB/hi
HS.2041__reverse,tune,OB/hi
HS.2041__top,tune,OB/lo
HS.2042__obverse,test,OB/mid
HS.2042__reverse,test,OB/mid
HS.2043__obverse,tune,OB/hi
HS.2043__reverse,test,OB/mid
HS.2044__obverse,tune,OB/hi
HS.2044__reverse,test,OB/hi
HS.2044__top,tune,OB/lo
HS.2045__obverse,tune,OB/mid
HS.2045__reverse,test,OB/hi
HS.2046__obverse,test,OB/mid
HS.2046__reverse,test,OB/hi
HS.2047__obverse,tune,OB/mid
HS.2047__reverse,test,OB/hi
HS.2048__obverse,test,OB/mid
HS.2048__reverse,test,OB/hi
HS.2048__top,tune,OB/lo
HS.2049__obverse,test,OB/hi
HS.2049__reverse,test,OB/hi
HS.2049__top,tune,OB/lo
HS.2050__obverse,test,OB/lo
HS.2050__reverse,test,OB/hi
HS.2051__obverse,test,OB/mid
HS.2051__reverse,test,OB/mid
HS.2052__obverse,test,OB/mid
HS.2052__reverse,test,OB/hi
HS.2052__top,test,OB/lo
HS.2053__obverse,tune,OB/mid
HS.2053__reverse,test,OB/hi
HS.2053__top,tune,OB/lo
HS.2054__obverse,tune,OB/hi
HS.2054__reverse,test,OB/hi
HS.2054__top,test,OB/lo
HS.2055__obverse,test,OB/hi
HS.2055__reverse,test,OB/mid
HS.2056__obverse,test,OB/hi
HS.2056__reverse,test,OB/hi
HS.2056__top,tune,OB/lo
HS.2057__obverse,tune,OB/mid
HS.2057__reverse,tune,OB/hi
HS.2058__obverse,tune,OB/mid
HS.2058__reverse,tune,OB/mid
HS.2061__obverse__tablet,tune,OB/mid
HS.2061__reverse__tablet,test,OB/mid
HS.2062__bottom,test,OB/lo
HS.2062__obverse,tune,OB/hi
HS.2062__reverse,tune,OB/hi
HS.2062__top,tune,OB/lo
HS.2063__obverse__envelope,test,OB/mid
HS.2063__reverse__envelope,test,OB/mid
HS.2064__obverse,tune,OB/hi
HS.2064__reverse,test,OB/mid
HS.2065__obverse,test,OB/mid
HS.2065__reverse,tune,OB/mid
HS.2067__obverse,test,OB/hi
HS.2067__reverse,tune,OB/hi
HS.2067__top,tune,OB/lo
HS.2069__obverse,tune,OB/mid
HS.2069__reverse,test,OB/hi
HS.2069__top,tune,OB/mid
HS.2070__obverse__tablet,test,OB/mid
HS.2070__reverse,test,OB/mid
HS.2070__reverse__tablet,tune,OB/mid
HS.2071__obverse,test,OB/mid
HS.2071__reverse,tune,OB/mid
HS.2072__obverse,tune,OB/lo
HS.2072__obverse__tablet,tune,OB/hi
HS.2072__reverse,tune,OB/lo
HS.2072__reverse__tablet,tune,OB/mid
HS.2073__obverse,tune,OB/mid
HS.2073__reverse,test,OB/mid
HS.2074__obverse__tablet,tune,OB/mid
HS.2074__reverse__tablet,tune,OB/mid
HS.2075__bottom,tune,OB/lo
HS.2075__obverse,test,OB/hi
HS.2075__reverse,tune,OB/hi
HS.2075__top,test,OB/mid
HS.2076__obverse,tune,OB/hi
HS.2076__reverse,test,OB/hi
HS.2076__top,test,OB/lo
HS.2077__bottom,tune,OB/mid
HS.2077__obverse,tune,OB/mid
HS.2077__reverse,tune,OB/mid
HS.2077__top,test,OB/lo
HS.2078__bottom,tune,OB/lo
HS.2078__obverse,tune,OB/hi
HS.2078__reverse,tune,OB/hi
HS.2079__obverse,test,OB/hi
HS.2079__reverse,tune,OB/hi
HS.2080__obverse,tune,OB/hi
HS.2080__reverse,test,OB/mid
HS.2080__top,tune,OB/lo
HS.2081__obverse,test,OB/hi
HS.2081__reverse,test,OB/hi
HS.2081__top,test,OB/lo
HS.2082__obverse,test,OB/hi
HS.2082__reverse,test,OB/hi
HS.2083__obverse,test,OB/mid
HS.2083__reverse,test,OB/hi
HS.2084__obverse,test,OB/hi
HS.2084__reverse,test,OB/hi
HS.2084__top,test,OB/lo
HS.2085__obverse,tune,OB/hi
HS.2085__reverse,tune,OB/hi
HS.2086__obverse,test,OB/mid
HS.2086__reverse,test,OB/mid
HS.2087__obverse,test,OB/hi
HS.2091__obverse,test,OB/hi
HS.2091__reverse,tune,OB/hi
HS.2093__obverse,tune,OB/mid
HS.2093__reverse,tune,OB/mid
HS.2096__obverse,test,OB/hi
HS.2096__reverse,tune,OB/mid
HS.2098__obverse__tablet,test,OB/mid
HS.2098__reverse__tablet,tune,OB/hi
HS.2103__obverse,tune,OB/hi
HS.2103__reverse,tune,OB/mid
HS.2104__obverse,test,OB/hi
HS.2104__reverse,tune,OB/hi
HS.2106__obverse,test,OB/hi
HS.2106__reverse,tune,OB/hi
HS.2107__obverse,test,OB/hi
HS.2107__reverse,test,OB/hi
HS.2108__obverse,test,OB/hi
HS.2108__reverse,test,OB/mid
HS.2115__obverse__envelope,test,OB/hi
HS.2115__reverse__envelope,test,OB/hi
HS.2115__top__envelope,test,OB/lo
HS.2116__obverse__envelope,tune,OB/hi
HS.2116__reverse__envelope,tune,OB/hi
HS.2117__obverse,tune,OB/hi
HS.2117__obverse__tablet,tune,OB/hi
HS.2117__reverse__tablet,test,OB/hi
HS.2119__obverse__tablet,tune,OB/hi
HS.2119__reverse,test,OB/hi
HS.2119__reverse__tablet,test,OB/hi
HS.2119__top__tablet,tune,OB/mid
HS.2121__obverse__tablet,tune,OB/mid
HS.2121__reverse__tablet,test,OB/mid
HS.2121__top__tablet,test,OB/mid
HS.2132__obverse__envelope,test,OB/hi
HS.2134__obverse,test,OB/hi
HS.2134__reverse,tune,OB/hi
HS.2136__obverse,tune,OB/hi
HS.2136__reverse,test,OB/mid
HS.2138__obverse__tablet,tune,OB/hi
HS.2138__reverse__tablet,tune,OB/hi
HS.2138__top__tablet,tune,OB/lo
HS.2143__obverse__tablet,tune,OB/mid
HS.2143__reverse__tablet,tune,OB/lo
HS.2144__obverse,tune,OB/hi
HS.2144__reverse,tune,OB/hi
HS.2145__obverse,test,OB/hi
HS.2145__reverse,test,OB/hi
HS.2148__obverse,tune,OB/hi
HS.2148__reverse,test,OB/mid
HS.2177__obverse,test,OB/hi
HS.2177__reverse,test,OB/mid
HS.2177__top,test,OB/lo
HS.228__obverse,test,OB/hi
HS.2330__obverse,tune,OB/mid
HS.2330__reverse,tune,OB/hi
HS.2340__obverse,test,OB/mid
HS.2340__reverse,tune,OB/hi
HS.2363__obverse__tablet,test,OB/hi
HS.2363__reverse,tune,OB/lo
HS.2363__reverse__tablet,tune,OB/hi
HS.2363__top__tablet,tune,OB/lo
HS.2371__obverse,test,OB/mid
HS.2371__reverse,test,OB/mid
HS.2400__obverse,tune,OB/hi
HS.2400__reverse,test,OB/hi
HS.2400__top,tune,OB/hi
HS.2450__obverse,test,OB/mid
HS.2450__reverse,tune,OB/mid
HS.739__obverse,tune,OB/mid
IM.57848__obverse,tune,OB/hi
IM.58381__obverse,test,OB/hi
IM.58381__reverse,tune,OB/hi
IM.58392__obverse,test,OB/hi
IM.58392__reverse,tune,OB/hi
IM.58392__top,tune,OB/hi
IM.58409__obverse,test,OB/mid
IM.58409__reverse,test,OB/mid
IM.58415__obverse,tune,OB/hi
IM.58415__reverse,tune,OB/lo
IM.58417__obverse,test,OB/hi
IM.58417__reverse,tune,OB/hi
IM.58448__obverse,tune,OB/mid
IM.58448__reverse,tune,OB/mid
IM.58457__obverse,tune,OB/hi
IM.58457__reverse,tune,OB/lo
IM.58467__obverse,tune,OB/mid
IM.58478__reverse,tune,OB/mid
IM.58485__obverse,test,OB/mid
IM.58485__reverse,tune,OB/mid
IM.58488__obverse,test,OB/mid
IM.58503__obverse,tune,OB/mid
IM.58503__reverse,tune,OB/hi
IM.58506__obverse,test,OB/lo
IM.58506__reverse,tune,OB/mid
IM.58529__obverse,tune,OB/mid
IM.58529__reverse,tune,OB/mid
IM.58531__obverse,tune,OB/mid
IM.58531__reverse,tune,OB/mid
IM.58533__obverse,tune,OB/hi
IM.58533__reverse,tune,OB/hi
IM.58543__obverse,test,OB/mid
IM.58543__reverse,test,OB/mid
IM.58557__obverse,test,OB/mid
IM.58574__obverse,tune,OB/hi
IM.58591__obverse,tune,OB/hi
IM.58610__obverse,tune,OB/mid
IM.58654__obverse,tune,OB/hi
IM.58654__reverse,tune,OB/mid
IM.58657__obverse,test,OB/mid
IM.58657__reverse,test,OB/mid
IM.58683__obverse,tune,OB/hi
IM.58684__obverse,tune,OB/lo
IM.58684__reverse,tune,OB/hi
IM.58685__obverse,test,OB/hi
IM.58702__obverse,test,OB/hi
IM.58702__reverse,test,OB/hi
IM.58712__obverse,tune,OB/mid
IM.58712__reverse,tune,OB/mid
IM.58728__obverse,tune,OB/hi
IM.58964__obverse,test,OB/mid
IM.59764__face,tune,OB/hi
IM.67544__face,tune,NA/mid
IM.67552__obverse,tune,NA/hi
IM.67565__obverse,test,NA/lo
IM.67569__obverse,tune,NA/mid
IM.67569__reverse,test,NA/hi
IM.67571__obverse,tune,NA/hi
IM.67594__face,tune,NA/mid
IM.67601__obverse,tune,NA/hi
IM.67601__reverse,test,NA/mid
IM.67602__obverse,tune,NA/lo
IM.67632__obverse,test,NA/lo
IM.67634__obverse,tune,NA/mid
K.10084__reverse,test,NA/mid
K.101__reverse,tune,NA/lo
K.10126__face,test,NA/lo
K.10163__face,test,NA/mid
K.10168__face,test,NA/lo
K.10208__face,test,NA/mid
K.10211__face,tune,NA/mid
K.10225__face,test,NA/lo
K.10411__reverse,tune,NA/lo
K.105__obverse,test,NA/mid
K.105__reverse,test,NA/lo
K.10545__obverse,test,NA/mid
K.10545__reverse,tune,NA/hi
K.10548__reverse,tune,NA/mid
K.10823__face,tune,NA/lo
K.1096__obverse,test,NA/lo
K.10998__obverse,test,NA/lo
K.10998__reverse,tune,NA/lo
K.11029__face,tune,NA/mid
K.11052__face,tune,NA/lo
K.11063__face,tune,NA/lo
K.11156__obverse,test,NA/lo
K.11229__face,test,NA/lo
K.11261__face,tune,NA/mid
K.11309__obverse,test,NA/hi
K.11359__obverse,tune,NA/lo
K.11373__face,tune,NA/mid
K.11570__face,test,NA/lo
K.11618__obverse,tune,NA/mid
K.11647__face,test,NA/lo
K.11688__face,tune,NA/lo
K.11700__face,tune,NA/mid
K.11749__reverse,test,NA/lo
K.11814__face,test,NA/lo
K.11841__face,test,NA/lo
K.11886__obverse,tune,NA/mid
K.11947__obverse,test,NA/lo
K.11947__reverse,tune,NA/mid
K.12000__obverse,tune,NA/mid
K.12000__reverse,test,NA/hi
K.12191__face,tune,NA/hi
K.12375__reverse,tune,NA/lo
K.12508__face,test,NA/lo
K.12514__face,tune,NA/lo
K.12656__face,tune,NA/lo
K.12687__face,test,NA/mid
K.12728__face,tune,NA/lo
K.12743__face,test,NA/lo
K.12757__face,test,NA/lo
K.1283__obverse,tune,NA/mid
K.1284__obverse,test,NA/lo
K.12883__face,tune,NA/mid
K.12900__face,test,NA/lo
K.12999__face,test,NA/mid
K.130__obverse,tune,NA/mid
K.13195__obverse,test,NA/lo
K.13297__obverse,test,NA/lo
K.133__obverse,tune,NA/lo
K.133__reverse,tune,NA/lo
K.13314__face,test,NA/lo
K.13355__face,test,NA/mid
K.13416__face,tune,NA/lo
K.13419__face,test,NA/lo
K.13554__face,tune,NA/lo
K.13669__face,test,NA/lo
K.1367__obverse,tune,NA/lo
K.13682__face,tune,NA/mid
K.137__obverse,test,NA/lo
K.137__reverse,test,NA/lo
K.13711__face,test,NA/lo
K.13731__face,tune,NA/mid
K.13738__face,test,NA/mid
K.138__obverse,test,NA/lo
K.138__reverse,tune,NA/lo
K.13839__obverse,tune,NA/lo
K.13852__face,tune,NA/lo
K.13887__face,test,NA/mid
K.1390__obverse,tune,NA/lo
K.13963__face,test,NA/lo
K.13987__face,tune,NA/lo
K.1400__obverse,test,NA/lo
K.1401.A__obverse,test,NA/mid
K.14024__face,test,NA/lo
K.14051__face,test,NA/lo
K.14120__face,test,NA/lo
K.14457__face,test,NA/lo
K.14481__face,tune,NA/mid
K.14522__face,test,NA/mid
K.14699__face,tune,NA/lo
K.147__face,tune,NA/lo
K.14714__face,tune,NA/lo
K.14783__face,test,NA/lo
K.14800__face,test,NA/lo
K.14815__face,tune,NA/lo
K.14854__face,test,NA/hi
K.149__obverse,test,NA/lo
K.15__obverse,tune,NA/hi
K.15190__obverse,test,NA/mid
K.15190__reverse,tune,NA/mid
K.15208__reverse,tune,NA/lo
K.15239__face,test,NA/mid
K.15336__face,test,NA/lo
K.155__obverse,test,NA/lo
K.15510__face,tune,NA/lo
K.1562__obverse,test,NA/hi
K.1562__reverse,tune,NA/mid
K.158__reverse,tune,NA/mid
K.15827__reverse,test,NA/hi
K.16002__face,tune,NA/mid
K.16237__face,tune,NA/lo
K.16420__face,tune,NA/lo
K.16446__face,test,NA/mid
K.16712__face,test,NA/lo
K.16902__face,tune,NA/mid
K.171__obverse,tune,NA/lo
K.171__reverse,test,NA/lo
K.17176__face,tune,NA/lo
K.17227__face,tune,NA/mid
K.17255__face,tune,NA/mid
K.17293__reverse,test,NA/lo
K.1750__face,test,NA/lo
K.17666__face,test,NA/mid
K.17674__face,test,NA/mid
K.17677__face,test,NA/mid
K.17912__face,tune,NA/mid
K.17956__face,tune,NA/lo
K.17957__face,tune,NA/lo
K.1808__obverse,test,NA/lo
K.1808__reverse,tune,NA/mid
K.1812__obverse,tune,NA/mid
K.18177__face,tune,NA/mid
K.18203__face,tune,NA/lo
K.18217__face,tune,NA/lo
K.18227__face,test,NA/lo
K.1832__reverse,test,NA/lo
K.18596__face,test,NA/lo
K.187__reverse,tune,NA/lo
K.1872__face,tune,NA/lo
K.18874__face,tune,NA/mid
K.19000__face,tune,NA/mid
K.19001__face,tune,NA/lo
K.19006__face,test,NA/mid
K.19118__face,test,NA/mid
K.193__reverse,test,NA/mid
K.19390__face,test,NA/lo
K.19403__face,tune,NA/lo
K.19492__face,tune,NA/lo
K.19575__face,test,NA/lo
K.19590__face,tune,NA/lo
K.19604__face,test,NA/mid
K.19812__face,test,NA/hi
K.19888__face,test,NA/mid
K.2__bottom,tune,NA/lo
K.2__obverse,test,NA/mid
K.2__reverse,tune,NA/mid
K.2003__obverse,tune,NA/mid
K.20055__face,tune,NA/lo
K.2011__reverse,tune,NA/mid
K.2025__face,tune,NA/mid
K.20256__face,test,NA/mid
K.20382__face,tune,NA/mid
K.20493__face,tune,NA/hi
K.20512__face,test,NA/lo
K.20652__face,tune,NA/lo
K.2066__reverse,tune,NA/hi
K.2067__reverse,test,NA/hi
K.20700__reverse,test,NA/lo
K.2080__reverse,test,NA/lo
K.20863__face,tune,NA/lo
K.20867__face,tune,NA/lo
K.20992__face,tune,NA/lo
K.21001__face,tune,NA/lo
K.21003__face,tune,NA/lo
K.2114__face,test,NA/lo
K.213__face,tune,NA/lo
K.2141__reverse,test,NA/lo
K.21414__face,tune,NA/lo
K.2144__reverse,test,NA/lo
K.2145__reverse,test,NA/lo
K.2158__obverse,tune,NA/mid
K.2158__reverse,test,NA/mid
K.21585__face,tune,NA/lo
K.2163__reverse,tune,NA/lo
K.2177__obverse,tune,NA/mid
K.21887__face,tune,NA/lo
K.2189__obverse,tune,NA/mid
K.2192__obverse,test,NA/lo
K.2192__reverse,tune,NA/lo
K.2210__reverse,test,NA/mid
K.2211__face,tune,NA/lo
K.2227__reverse,test,NA/mid
K.223__obverse,tune,NA/lo
K.2239__face,test,NA/lo
K.2243__obverse,tune,NA/mid
K.2255__obverse,tune,NA/mid
K.2261__face,test,NA/hi
K.2274__obverse,tune,NA/mid
K.2288__reverse,tune,NA/lo
K.2289__face,tune,NA/mid
K.2291__reverse,tune,NA/lo
K.22981__face,test,NA/lo
K.2308__face,tune,NA/lo
K.2311__face,test,NA/lo
K.2333__reverse,tune,NA/lo
K.2350__obverse,tune,NA/mid
K.2353__obverse,tune,NA/mid
K.2353__reverse,tune,NA/lo
K.2364__obverse,tune,NA/lo
K.2364__reverse,tune,NA/lo
K.2365__reverse,test,NA/lo
K.2389__obverse,test,NA/mid
K.24__obverse,tune,NA/mid
K.24__reverse,tune,NA/lo
K.2414__obverse,tune,NA/lo
K.2443__reverse,tune,NA/lo
K.2472__face,tune,NA/lo
K.2478__reverse,tune,NA/mid
K.2486__obverse,tune,NA/lo
K.2487__face,tune,NA/lo
K.2494__obverse,tune,NA/lo
K.2494__reverse,tune,NA/lo
K.2512__reverse,tune,NA/mid
K.2521__reverse,tune,NA/mid
K.2533__reverse,test,NA/lo
K.2541__obverse,test,NA/mid
K.2541__reverse,test,NA/mid
K.2546__reverse,test,NA/mid
K.2562__reverse,test,NA/lo
K.2567__face,test,NA/lo
K.258__obverse,test,NA/lo
K.258__reverse,tune,NA/lo
K.2584__obverse,test,NA/lo
K.2599__reverse,test,NA/lo
K.2638__face,test,NA/mid
K.2670__reverse,test,NA/mid
K.2680__obverse,tune,NA/lo
K.2680__reverse,tune,NA/hi
K.2703__face,tune,NA/lo
K.2712__obverse,tune,NA/mid
K.2712__reverse,test,NA/mid
K.2736__face,test,NA/lo
K.2753__face,test,NA/lo
K.2771__reverse,test,NA/lo
K.2794__reverse,tune,NA/mid
K.2811__reverse,tune,NA/lo
K.2826__face,tune,NA/mid
K.2834__obverse,test,NA/mid
K.2834__reverse,test,NA/hi
K.2851__obverse,test,NA/lo
K.2851__reverse,test,NA/lo
K.2856__obverse,test,NA/lo
K.2860__obverse,test,NA/mid
K.2882__obverse,tune,NA/mid
K.2894__obverse,tune,NA/mid
K.2894__reverse,test,NA/lo
K.2960__obverse,test,NA/mid
K.2973__obverse,test,NA/mid
K.3063__face,test,NA/lo
K.3068__reverse,tune,NA/lo
K.3118__obverse,test,NA/lo
K.3118__reverse,tune,NA/hi
K.3124__face,test,NA/lo
K.3229__obverse,test,NA/lo
K.3229__reverse,tune,NA/mid
K.3248__reverse,test,NA/lo
K.3281__obverse,tune,NA/lo
K.3285__face,test,NA/mid
K.3301__obverse,tune,NA/lo
K.3301__reverse,test,NA/lo
K.3333__obverse,test,NA/lo
K.3356__obverse,tune,NA/lo
K.3356__reverse,tune,NA/lo
K.3372__obverse,tune,NA/mid
K.3384__obverse,tune,NA/lo
K.3384__reverse,tune,NA/lo
K.3410__reverse,test,NA/lo
K.3414__reverse,tune,NA/mid
K.3446__face,test,NA/mid
K.3464__obverse,tune,NA/mid
K.3482__obverse,test,NA/mid
K.3484__obverse,test,NA/lo
K.3499__obverse,tune,NA/mid
K.3551__face,test,NA/mid
K.3643__reverse,test,NA/mid
K.3669__reverse,tune,NA/lo
K.3677__reverse,test,NA/lo
K.3708__face,test,NA/mid
K.3754__reverse,tune,NA/mid
K.3765__obverse,tune,NA/lo
K.3810__obverse,tune,NA/lo
K.3810__reverse,tune,NA/hi
K.3814__obverse,tune,NA/lo
K.3816__reverse,test,NA/lo
K.3837__reverse,test,NA/lo
K.3838__reverse,test,NA/lo
K.3841__obverse,tune,NA/lo
K.3930__reverse,tune,NA/lo
K.3941__obverse,tune,NA/lo
K.3946__obverse,test,NA/lo
K.3980__face,test,NA/mid
K.3993__obverse,tune,NA/lo
K.3993__reverse,test,NA/lo
K.3996__obverse,test,NA/lo
K.4003__obverse,test,NA/mid
K.4003__reverse,tune,NA/mid
K.4028__reverse,tune,NA/lo
K.4030__obverse,tune,NA/mid
K.4030__reverse,test,NA/mid
K.4036__obverse,test,NA/lo
K.4039__obverse,tune,NA/lo
K.4041__obverse,tune,NA/lo
K.4063__obverse,test,NA/mid
K.4075__face,test,NA/lo
K.4206__reverse,test,NA/lo
K.4273__reverse,tune,NA/lo
K.4387__reverse,test,NA/mid
K.44__obverse,test,NA/lo
K.4505__face,tune,NA/lo
K.4551__obverse,test,NA/mid
K.4614__obverse,test,NA/mid
K.4629__reverse,test,NA/lo
K.4638__reverse,test,NA/lo
K.4639__obverse,test,NA/lo
K.4650__obverse,test,NA/mid
K.4782__face,test,NA/mid
K.4806__face,tune,NA/mid
K.4809__obverse,tune,NA/lo
K.4814__obverse,tune,NA/lo
K.4837__obverse,tune,NA/mid
K.4838__face,tune,NA/lo
K.4874__obverse,test,NA/lo
K.4874__reverse,test,NA/mid
K.4899__obverse,tune,NA/lo
K.4900__obverse,tune,NA/mid
K.4902__obverse,test,NA/lo
K.4950__obverse,tune,NA/mid
K.4950__reverse,test,NA/lo
K.4951__reverse,test,NA/mid
K.4953__obverse,tune,NA/lo
K.4956__obverse,tune,NA/mid
K.4984__face,tune,NA/lo
K.4987__face,test,NA/mid
K.4995__obverse,tune,NA/lo
K.5036__face,tune,NA/lo
K.5067__obverse,test,NA/lo
K.5099__face,test,NA/lo
K.5134__face,tune,NA/mid
K.5137__obverse,tune,NA/mid
K.5210__face,tune,NA/lo
K.5218__obverse,tune,NA/lo
K.5235__obverse,test,NA/mid
K.5243__face,test,NA/lo
K.5273__obverse,tune,NA/lo
K.5375__obverse,tune,NA/lo
K.54__reverse,tune,NA/lo
K.5671__face,test,NA/mid
K.57__obverse,test,NA/mid
K.57__reverse,tune,NA/lo
K.58__obverse,tune,NA/lo
K.5861__face,test,NA/mid
K.5870__face,tune,NA/mid
K.5876__obverse,test,NA/mid
K.5962__face,test,NA/mid
K.5963__face,tune,NA/mid
K.5981__reverse,tune,NA/hi
K.6013__obverse,test,NA/lo
K.6053__obverse,test,NA/mid
K.6053__reverse,test,NA/mid
K.6067__obverse,tune,NA/mid
K.6173__face,tune,NA/lo
K.6201__obverse,tune,NA/mid
K.6201__reverse,tune,NA/hi
K.6241__face,test,NA/lo
K.6254__obverse,tune,NA/lo
K.6260__obverse,test,NA/lo
K.6267__face,test,NA/lo
K.6294__face,test,NA/mid
K.63.A__obverse,tune,NA/mid
K.6393__obverse,test,NA/mid
K.6393__reverse,test,NA/mid
K.6400__obverse,tune,NA/mid
K.6400__reverse,test,NA/mid
K.6438__face,tune,NA/lo
K.6466__face,test,NA/lo
K.6497__face,tune,NA/mid
K.6507__face,tune,NA/lo
K.6520__face,tune,NA/mid
K.6532__face,test,NA/mid
K.6545__reverse,tune,NA/lo
K.66__obverse,tune,NA/lo
K.6601__obverse,tune,NA/lo
K.6653__obverse,test,NA/lo
K.6664__obverse,test,NA/lo
K.6677__obverse,tune,NA/hi
K.6784__face,test,NA/mid
K.6851__face,test,NA/lo
K.6930__face,test,NA/mid
K.6998__face,tune,NA/mid
K.7114__obverse,tune,NA/mid
K.7114__reverse,tune,NA/hi
K.7138__face,test,NA/mid
K.7148__face,test,NA/lo
K.7650__face,test,NA/lo
K.7674__obverse,test,NA/mid
K.7674__reverse,tune,NA/lo
K.77__obverse,tune,NA/hi
K.77__reverse,tune,NA/lo
K.7725__face,tune,NA/lo
K.7799__face,test,NA/lo
K.7833__reverse,tune,NA/lo
K.7853__obverse,tune,NA/lo
K.7853__reverse,test,NA/mid
K.7865__obverse,test,NA/mid
K.7917__reverse,test,NA/hi
K.7952__face,tune,NA/mid
K.7986__face,tune,NA/mid
K.7995__face,test,NA/lo
K.8088__obverse,tune,NA/mid
K.8101__face,test,NA/lo
K.8160__face,test,NA/lo
K.8187__reverse,test,NA/lo
K.8242__face,test,NA/lo
K.8326__reverse,test,NA/lo
K.8353__reverse,test,NA/lo
K.8408__reverse,tune,NA/mid
K.8443__reverse,test,NA/mid
K.8510__reverse,tune,NA/lo
K.8570__face,test,NA/lo
K.8641__face,tune,NA/mid
K.8646__face,tune,NA/lo
K.8690__reverse,test,NA/mid
K.8758__obverse,test,NA/mid
K.8772__face,test,NA/mid
K.8782__face,tune,NA/mid
K.8918__face,tune,NA/mid
K.9__face,tune,NA/lo
K.9048__obverse,tune,NA/mid
K.9048__reverse,tune,NA/mid
K.9066__face,tune,NA/lo
K.9095__face,tune,NA/mid
K.9155__obverse,test,NA/lo
K.9167__face,test,NA/mid
K.9216__reverse,test,NA/lo
K.9235__obverse,test,NA/lo
K.9257__obverse,tune,NA/mid
K.9270__obverse,tune,NA/mid
K.9277__face,test,NA/mid
K.9286__face,test,NA/lo
K.9291__obverse,test,NA/mid
K.9292__face,test,NA/lo
K.9296__reverse,test,NA/lo
K.9300__obverse,tune,NA/lo
K.9300__reverse,test,NA/lo
K.9310__obverse,tune,NA/mid
K.9336__obverse,test,NA/mid
K.9336__reverse,test,NA/mid
K.9342__reverse,tune,NA/mid
K.9382__face,tune,NA/lo
K.9424__face,tune,NA/lo
K.9486__obverse,tune,NA/mid
K.9486__reverse,tune,NA/mid
K.9499__reverse,tune,NA/mid
K.9508__obverse,test,NA/mid
K.9509__face,test,NA/lo
K.9582__face,test,NA/lo
K.9629__reverse,tune,NA/lo
K.9654__obverse,test,NA/mid
K.9654__reverse,tune,NA/mid
K.9876__obverse,tune,NA/mid
K.9905__obverse,tune,NA/lo
K.9905__reverse,test,NA/mid
MGT.3__face,test,NA/hi
NBC.5298__bottom,tune,OB/lo
NBC.5298__obverse,tune,OB/hi
NBC.5298__reverse,test,OB/hi
NBC.5345__obverse,test,OB/hi
NBC.5345__reverse,test,OB/hi
NBC.5345__top,test,OB/hi
NBC.5570__obverse,test,OB/hi
NBC.5570__reverse,tune,OB/hi
NBC.5570__top,tune,OB/lo
NBC.6257__obverse,tune,OB/hi
NBC.6267__bottom,test,OB/lo
NBC.6267__obverse,tune,OB/hi
NBC.6267__reverse,tune,OB/hi
NBC.6321__obverse,test,OB/hi
NBC.6321__reverse,tune,OB/hi
NBC.6340__obverse,test,OB/hi
NBC.6340__reverse,test,OB/hi
NBC.6341__obverse__tablet,tune,OB/hi
NBC.6341__reverse__tablet,test,OB/mid
NBC.6764__obverse,tune,OB/hi
NBC.6764__reverse,tune,OB/hi
NBC.7278__obverse,tune,OB/hi
NBC.7278__reverse,tune,OB/hi
NBC.7349__bottom,tune,OB/hi
NBC.7349__obverse,test,OB/hi
NBC.7349__reverse,tune,OB/hi
NBC.8174__obverse,tune,OB/hi
NBC.8957__obverse,tune,OB/hi
NBC.8957__reverse,tune,OB/hi
NCBT.1812__obverse,test,OB/hi
NCBT.1812__reverse,tune,OB/hi
ND.4400__obverse,test,NA/mid
ND.4405.30__obverse,tune,NA/lo
ND.4405.49__obverse,test,NA/mid
ND.5433__reverse,test,NA/lo
ND.5437__obverse,test,NA/hi
ND.5437__reverse,tune,NA/hi
ND.5509__face,tune,NA/lo
ND.6201__face,test,NA/hi
Rm-II.133__obverse,test,NA/mid
Rm-II.133__reverse,test,NA/lo
Rm-II.147__obverse,tune,NA/mid
Rm-II.147__reverse,tune,NA/lo
Rm-II.151__reverse,test,NA/lo
Rm-II.170__reverse,tune,NA/lo
Rm-II.180__reverse,tune,NA/lo
Rm-II.211__face,tune,NA/mid
Rm-II.229__obverse,test,NA/mid
Rm-II.256__obverse,test,NA/mid
Rm-II.292__face,tune,NA/lo
Rm-II.309__obverse,test,NA/mid
Rm-II.401__face,test,NA/mid
Rm-II.422__face,test,NA/mid
Rm-II.507__face,tune,NA/lo
Rm-II.572__face,test,NA/mid
Rm.1012__face,test,NA/mid
Rm.312__reverse,tune,NA/lo
Rm.489__face,test,NA/lo
Rm.601__obverse,tune,NA/lo
Rm.601__reverse,tune,NA/lo
Rm.618__face,test,NA/lo
Rm.908__reverse,tune,NA/lo
Rm.919__face,test,NA/mid
Rm.924__reverse,tune,NA/lo
Rm.977__face,test,NA/lo
Sm.1171__obverse,test,NA/lo
Sm.1209__obverse,test,NA/mid
Sm.1288__reverse,test,NA/lo
Sm.1400__reverse,test,NA/hi
Sm.1465__face,tune,NA/lo
Sm.1554__face,tune,NA/mid
Sm.2034__face,test,NA/lo
Sm.2189__obverse,test,NA/mid
Sm.340__obverse,tune,NA/lo
Sm.39__face,tune,NA/mid
Sm.435__face,test,NA/lo
Sm.473__face,test,NA/lo
Sm.490__face,test,NA/mid
Sm.522__face,tune,NA/lo
Sm.625__face,test,NA/mid
Sm.643__face,test,NA/lo
Sm.777__obverse,tune,NA/lo
Sm.781__obverse,test,NA/mid
Sm.784__face,test,NA/mid
Sm.794__obverse,tune,NA/mid
Sm.801__face,test,NA/lo
Sm.873__obverse,tune,NA/mid
Sm.986__obverse,test,NA/mid
Sm.986__reverse,tune,NA/mid
U.30489__obverse,tune,OB/hi
U.30489__reverse,tune,OB/mid
U.30616__reverse,tune,OB/hi
U.30627__reverse,tune,OB/mid
U.32083__obverse,test,OB/mid
U.33258__reverse,test,OB/hi
U.593.unn__reverse,test,OB/hi
YBC.11041__bottom,tune,OB/hi
YBC.11041__obverse,test,OB/hi
YBC.11041__reverse,tune,OB/hi
YBC.11041__top,tune,OB/lo
YBC.12303__bottom,tune,OB/hi
YBC.12303__obverse,tune,OB/hi
YBC.12303__reverse,test,OB/hi
YBC.13099__bottom,tune,OB/lo
YBC.13099__obverse,tune,OB/hi
YBC.13099__reverse,tune,OB/hi
YBC.13099__top,test,OB/lo
YBC.17016__obverse,tune,OB/hi
YBC.17017__obverse,tune,OB/lo
YBC.17018__obverse,test,OB/hi
YBC.17019__obverse,test,OB/hi
YBC.1836__obverse,test,OB/hi
YBC.1836__reverse,test,OB/hi
YBC.3337__obverse,test,OB/hi
YBC.3337__reverse,test,OB/hi
YBC.3337__top,tune,OB/lo
YBC.4196__obverse__tablet,tune,OB/hi
YBC.4196__reverse__tablet,tune,OB/hi
YBC.4196__top__tablet,test,OB/hi
YBC.4201__obverse,test,OB/hi
YBC.4201__obverse__tablet,tune,OB/hi
YBC.4201__reverse__envelope,test,OB/hi
YBC.4201__reverse__tablet,test,OB/hi
YBC.4201__top__tablet,test,OB/hi
YBC.4220__left,test,OB/lo
YBC.4220__obverse,tune,OB/hi
YBC.4220__reverse,tune,OB/hi
YBC.4220__top,tune,OB/lo
YBC.4221__obverse,test,OB/hi
YBC.4221__reverse,tune,OB/hi
YBC.4221__top,tune,OB/hi
YBC.4234__obverse,test,OB/hi
YBC.4234__reverse,test,OB/hi
YBC.4234__top,test,OB/lo
YBC.4249__obverse,test,OB/hi
YBC.4249__reverse,test,OB/hi
YBC.4260__bottom,tune,OB/hi
YBC.4260__obverse,test,OB/hi
YBC.4260__reverse,tune,OB/hi
YBC.4275__obverse,tune,OB/hi
YBC.4275__reverse,test,OB/hi
YBC.4275__top,tune,OB/hi
YBC.4277__obverse,tune,OB/hi
YBC.4277__reverse,test,OB/hi
YBC.4286__obverse,tune,OB/hi
YBC.4286__reverse,test,OB/hi
YBC.4316__obverse,test,OB/hi
YBC.4316__reverse,test,OB/hi
YBC.4318__obverse,test,OB/hi
YBC.4318__reverse,tune,OB/hi
YBC.4327__bottom__tablet,test,OB/lo
YBC.4327__obverse,tune,OB/hi
YBC.4327__obverse__tablet,tune,OB/hi
YBC.4327__reverse__tablet,tune,OB/hi
YBC.4335__obverse,test,OB/hi
YBC.4335__obverse__envelope,tune,OB/hi
YBC.4335__obverse__tablet,test,OB/hi
YBC.4335__reverse,tune,OB/lo
YBC.4335__reverse__envelope,test,OB/hi
YBC.4335__reverse__tablet,tune,OB/mid
YBC.4337__obverse__envelope,test,OB/hi
YBC.4337__obverse__tablet,tune,OB/hi
YBC.4337__reverse__envelope,test,OB/hi
YBC.4337__reverse__tablet,tune,OB/hi
YBC.4337__top__tablet,test,OB/hi
YBC.4339__obverse,test,OB/hi
YBC.4339__reverse,test,OB/mid
YBC.4356__bottom,tune,OB/hi
YBC.4356__obverse,test,OB/hi
YBC.4356__reverse,tune,OB/hi
YBC.4379__bottom,tune,OB/lo
YBC.4379__obverse,test,OB/hi
YBC.4379__reverse,tune,OB/hi
YBC.4497__obverse,tune,OB/hi
YBC.4497__reverse,tune,OB/mid
YBC.4533__obverse,test,OB/lo
YBC.4539__obverse,tune,OB/hi
YBC.4590__obverse,test,OB/mid
YBC.4590__reverse,tune,OB/hi
YBC.4592__obverse,tune,OB/hi
YBC.4592__reverse,test,OB/lo
YBC.4593__obverse,test,OB/hi
YBC.4593__reverse,test,OB/hi
YBC.4594__reverse,tune,OB/mid
YBC.4598__obverse,tune,OB/mid
YBC.4598__reverse,test,OB/mid
YBC.4599__obverse,test,OB/lo
YBC.4599__reverse,test,OB/hi
YBC.4601__bottom,test,OB/lo
YBC.4601__obverse,test,OB/mid
YBC.4601__reverse,tune,OB/mid
YBC.4603__obverse,tune,OB/hi
YBC.4616__obverse,test,OB/hi
YBC.4625__obverse,tune,OB/hi
YBC.4625__reverse,test,OB/hi
YBC.4637__obverse,test,OB/lo
YBC.4642__obverse,test,OB/hi
YBC.4644__obverse,test,OB/hi
YBC.4644__reverse,tune,OB/hi
YBC.4705__obverse,test,OB/hi
YBC.4705__reverse,test,OB/hi
YBC.4899__obverse,tune,OB/hi
YBC.4899__reverse,tune,OB/hi
YBC.4956__bottom,test,OB/lo
YBC.4956__obverse,test,OB/hi
YBC.4956__reverse,tune,OB/hi
YBC.4966__obverse,test,OB/hi
YBC.4966__reverse,test,OB/hi
YBC.5024__obverse,tune,OB/mid
YBC.5024__reverse,test,OB/lo
YBC.5036__obverse,test,OB/hi
YBC.5036__reverse,tune,OB/hi
YBC.5056__obverse,tune,OB/hi
YBC.5056__reverse,test,OB/hi
YBC.5078__obverse,tune,OB/hi
YBC.5078__reverse,tune,OB/hi
YBC.5079__obverse,test,OB/hi
YBC.5090__bottom,test,OB/lo
YBC.5090__obverse,test,OB/hi
YBC.5090__reverse,test,OB/hi
YBC.5148__obverse,tune,OB/lo
YBC.5148__obverse__envelope,tune,OB/hi
YBC.5148__obverse__tablet,test,OB/hi
YBC.5148__reverse__envelope,tune,OB/hi
YBC.5148__reverse__tablet,test,OB/hi
YBC.5175__bottom,tune,OB/mid
YBC.5175__obverse,tune,OB/hi
YBC.5175__reverse,tune,OB/hi
YBC.5175__top,tune,OB/hi
YBC.5315__obverse,tune,OB/hi
YBC.5315__reverse,tune,OB/hi
YBC.5322__obverse,tune,OB/hi
YBC.5322__reverse,test,OB/mid
YBC.5322__top,test,OB/mid
YBC.5365__obverse,tune,OB/hi
YBC.5365__reverse,tune,OB/hi
YBC.5491__bottom,tune,OB/lo
YBC.5491__obverse,tune,OB/hi
YBC.5491__reverse,tune,OB/hi
YBC.5517__obverse,tune,OB/hi
YBC.5517__reverse,test,OB/hi
YBC.5570__bottom__tablet,tune,OB/lo
YBC.5570__obverse,tune,OB/hi
YBC.5570__obverse__tablet,test,OB/hi
YBC.5570__reverse__tablet,test,OB/hi
YBC.5577__bottom__tablet,test,OB/hi
YBC.5577__obverse__tablet,test,OB/hi
YBC.5577__reverse__tablet,test,OB/hi
YBC.5577__top__tablet,tune,OB/mid
YBC.5630__obverse,tune,OB/hi
YBC.5635__obverse,test,OB/hi
YBC.5635__reverse,test,OB/mid
YBC.5636__face,test,OB/hi
YBC.5637__obverse,tune,OB/hi
YBC.5638__obverse,tune,OB/hi
YBC.5673__bottom,tune,OB/mid
YBC.5673__obverse,tune,OB/mid
YBC.5673__reverse,tune,OB/mid
YBC.5673__top,tune,OB/mid
YBC.5674__obverse,test,OB/hi
YBC.5674__reverse,tune,OB/mid
YBC.5676__obverse,test,OB/mid
YBC.5676__reverse,tune,OB/mid
YBC.5677__obverse,tune,OB/hi
YBC.5677__reverse,test,OB/hi
YBC.5678__obverse,test,OB/mid
YBC.5678__reverse,test,OB/mid
YBC.5678__top,tune,OB/hi
YBC.5683__obverse,tune,OB/mid
YBC.5683__reverse,tune,OB/mid
YBC.5683__top,test,OB/mid
YBC.5684__obverse,tune,OB/mid
YBC.5684__reverse,tune,OB/hi
YBC.5686__obverse,tune,OB/hi
YBC.5686__reverse,test,OB/mid
YBC.5687__obverse,tune,OB/hi
YBC.5687__reverse,test,OB/hi
YBC.5687__top,tune,OB/lo
YBC.5690__obverse,test,OB/hi
YBC.5690__reverse,test,OB/hi
YBC.5691__obverse,tune,OB/hi
YBC.5691__reverse,test,OB/mid
YBC.5692__obverse__tablet,tune,OB/hi
YBC.5692__reverse__tablet,test,OB/hi
YBC.5693__obverse,tune,OB/hi
YBC.5693__reverse,tune,OB/mid
YBC.5697__obverse,tune,OB/hi
YBC.5697__reverse,test,OB/hi
YBC.5698__obverse,test,OB/hi
YBC.5698__reverse,test,OB/hi
YBC.5699__obverse,test,OB/hi
YBC.5699__reverse,tune,OB/mid
YBC.5699__top,test,OB/hi
YBC.5702__obverse,test,OB/hi
YBC.5702__reverse,tune,OB/mid
YBC.5703__obverse,test,OB/hi
YBC.5703__reverse,tune,OB/hi
YBC.5703__top,test,OB/hi
YBC.5704__obverse,test,OB/hi
YBC.5704__reverse,tune,OB/hi
YBC.5705__bottom__tablet,tune,OB/mid
YBC.5705__obverse__tablet,tune,OB/hi
YBC.5705__reverse__tablet,test,OB/hi
YBC.5710__obverse,tune,OB/hi
YBC.5710__reverse,tune,OB/hi
YBC.5711__obverse,tune,OB/hi
YBC.5711__reverse,test,OB/hi
YBC.5711__top,test,OB/hi
YBC.5714__obverse,test,OB/hi
YBC.5714__reverse,test,OB/hi
YBC.5716__bottom,tune,OB/lo
YBC.5716__obverse,test,OB/hi
YBC.5716__reverse,test,OB/hi
YBC.5721__obverse,tune,OB/hi
YBC.5721__reverse,test,OB/hi
YBC.5721__top,test,OB/hi
YBC.5722__bottom,tune,OB/hi
YBC.5722__obverse,tune,OB/mid
YBC.5722__reverse,tune,OB/mid
YBC.5723__bottom,tune,OB/hi
YBC.5723__obverse,test,OB/hi
YBC.5723__reverse,test,OB/hi
YBC.5723__top,test,OB/mid
YBC.5724__obverse,test,OB/hi
YBC.5724__reverse,test,OB/hi
YBC.5726__obverse,test,OB/hi
YBC.5726__reverse,tune,OB/hi
YBC.5729__obverse,test,OB/hi
YBC.5729__reverse,tune,OB/mid
YBC.5730__obverse,test,OB/mid
YBC.5730__reverse,tune,OB/mid
YBC.5732__obverse,test,OB/hi
YBC.5732__reverse,test,OB/hi
YBC.5732__top,tune,OB/hi
YBC.5748__obverse,tune,OB/hi
YBC.5748__reverse,tune,OB/hi
YBC.5750__obverse,tune,OB/hi
YBC.5750__reverse,tune,OB/hi
YBC.5763__obverse,test,OB/hi
YBC.5763__reverse,tune,OB/hi
YBC.5910__bottom,test,OB/hi
YBC.5910__obverse,tune,OB/hi
YBC.5910__reverse,test,OB/hi
YBC.6142__obverse,tune,OB/hi
YBC.6142__reverse,test,OB/hi
YBC.6147__bottom,test,OB/hi
YBC.6147__obverse,test,OB/hi
YBC.6147__reverse,tune,OB/hi
YBC.6147__top,test,OB/hi
YBC.6152__obverse,tune,OB/hi
YBC.6152__obverse__envelope,tune,OB/hi
YBC.6152__obverse__tablet,test,OB/hi
YBC.6152__reverse__envelope,test,OB/hi
YBC.6152__reverse__tablet,test,OB/hi
YBC.6152__top__tablet,tune,OB/hi
YBC.6153__obverse,test,OB/mid
YBC.6153__obverse__envelope,test,OB/hi
YBC.6153__obverse__tablet,tune,OB/mid
YBC.6153__reverse__tablet,test,OB/mid
YBC.6170__obverse,test,OB/mid
YBC.6170__reverse,tune,OB/mid
YBC.6205__obverse,test,OB/lo
YBC.6205__obverse__tablet,tune,OB/hi
YBC.6205__reverse__tablet,test,OB/mid
YBC.6208__obverse,tune,OB/hi
YBC.6208__reverse,test,OB/hi
YBC.6236__bottom__tablet,tune,OB/lo
YBC.6236__obverse__tablet,test,OB/hi
YBC.6236__reverse__tablet,tune,OB/hi
YBC.6248__bottom,test,OB/lo
YBC.6248__obverse,test,OB/hi
YBC.6248__reverse,tune,OB/hi
YBC.6317__bottom,test,OB/hi
YBC.6317__obverse,test,OB/hi
YBC.6317__reverse,tune,OB/hi
YBC.6319__bottom,tune,OB/hi
YBC.6319__obverse,tune,OB/hi
YBC.6319__reverse,test,OB/hi
YBC.6326__obverse,tune,OB/hi
YBC.6326__reverse,test,OB/hi
YBC.6354__obverse,test,OB/lo
YBC.6383__bottom,test,OB/hi
YBC.6383__obverse,tune,OB/hi
YBC.6383__reverse,test,OB/hi
YBC.6445__bottom,test,OB/hi
YBC.6445__obverse,tune,OB/hi
YBC.6445__reverse,tune,OB/hi
YBC.6465__obverse,tune,OB/hi
YBC.6654__bottom,tune,OB/lo
YBC.6654__obverse,test,OB/hi
YBC.6654__reverse,tune,OB/hi
YBC.6994__obverse,test,OB/hi
YBC.6994__reverse,tune,OB/hi
YBC.7073__obverse,tune,OB/hi
YBC.7073__reverse,tune,OB/hi
YBC.7081__obverse__envelope,test,OB/hi
YBC.7081__obverse__tablet,tune,OB/hi
YBC.7081__reverse__envelope,tune,OB/hi
YBC.7081__reverse__tablet,tune,OB/hi
YBC.7191__obverse,test,OB/hi
YBC.7191__reverse,tune,OB/hi
YBC.7227__obverse,test,OB/hi
YBC.7227__reverse,tune,OB/hi
YBC.7698__obverse,tune,OB/hi
YBC.7698__reverse,tune,OB/hi
YBC.7794__bottom,test,OB/hi
YBC.7794__obverse,test,OB/hi
YBC.7794__reverse,tune,OB/hi
YBC.7794__top,tune,OB/hi
YBC.8029__obverse,test,OB/hi
YBC.8029__reverse,tune,OB/hi
YBC.8029__top,tune,OB/hi
YBC.8390__obverse,test,OB/hi
YBC.8390__reverse,test,OB/hi
YBC.8390__top,test,OB/lo
YBC.8401__obverse,tune,OB/hi
YBC.8401__reverse,test,OB/hi
YBC.8401__top,test,OB/lo
YBC.8447__obverse,tune,OB/hi
YBC.8447__reverse,test,OB/hi
YBC.8510__bottom,tune,OB/hi
YBC.8510__obverse,tune,OB/hi
YBC.8510__reverse,test,OB/hi
YBC.8510__top,tune,OB/hi
YBC.8532__bottom,tune,OB/hi
YBC.8532__obverse,tune,OB/hi
YBC.8532__reverse,test,OB/hi
YBC.8603__obverse,test,OB/hi
YBC.8746__obverse,test,OB/hi
YBC.8746__reverse,test,OB/hi
YBC.8746__top,test,OB/hi
YBC.8762__obverse,tune,OB/hi
YBC.8762__reverse,tune,OB/hi
YBC.8773__obverse,tune,OB/hi
YBC.8773__reverse,test,OB/hi
YBC.9091__bottom__envelope,tune,OB/hi
YBC.9091__bottom__tablet,tune,OB/hi
YBC.9091__obverse__envelope,test,OB/hi
YBC.9091__obverse__tablet,tune,OB/hi
YBC.9091__reverse__envelope,tune,OB/hi
YBC.9091__reverse__tablet,test,OB/hi
YBC.9091__top__tablet,test,OB/lo
YBC.9117__obverse,test,OB/mid
YBC.9117__reverse,test,OB/hi
YBC.9841__obverse,test,OB/hi
YBC.9897__obverse,tune,OB/hi
YBC.9897__reverse,test,OB/lo
